{
  "type": "FeatureCollection",
  "features": [
    {
      "type": "Feature",
      "properties": {
        "名称": "比赛边界"
      },
      "geometry": {
        "type": "Polygon",
        "coordinates": [
          [
            [
              113.70741944444445,
              33.86434444444445
            ],
            [
              113.70589722222222,
              33.864219444444444
            ],
            [
              113.70581944444444,
              33.864805555555556
            ],
            [
              113.70532222222222,
              33.86476944444445
            ],
            [
              113.7054,
              33.86416666666667
            ],
            [
              113.70383333333334,
              33.864025
            ],
            [
              113.70373888888889,
              33.86281388888889
            ],
            [
              113.70356666666667,
              33.86095
            ],
            [
              113.70715,
              33.86063055555556
            ],
            [
              113.70729166666666,
              33.862436111111116
            ],
            [
              113.70743333333334,
              33.86241388888889
            ],
            [
              113.70861111111111,
              33.86235555555556
            ],
            [
              113.70856944444445,
              33.86194166666667
            ],
            [
              113.70981111111111,
              33.86190555555556
            ],
            [
              113.70973333333333,
              33.860419444444446
            ],
            [
              113.71243611111112,
              33.860275
            ],
            [
              113.71254722222223,
              33.86180277777778
            ],
            [
              113.71280833333334,
              33.865500000000004
            ],
            [
              113.71296944444445,
              33.867647222222224
            ],
            [
              113.71015833333334,
              33.86756388888889
            ],
            [
              113.71019722222222,
              33.86801666666667
            ],
            [
              113.71010555555556,
              33.869505555555556
            ],
            [
              113.70786944444444,
              33.869261111111115
            ],
            [
              113.70770555555556,
              33.86573055555556
            ],
            [
              113.707575,
              33.86436666666667
            ],
            [
              113.70741944444445,
              33.86434444444445
            ]
          ]
        ]
      }
    },
    {
      "type": "Feature",
      "properties": {
        "名称": "树木覆盖",
        "source_year": 2021,
        "resolution_m": 10
      },
      "geometry": {
        "type": "MultiPolygon",
        "coordinates": [
          [
            [
              [
                113.7074166667,
                33.8624166667
              ],
              [
                113.7074166667,
                33.8625
              ],
              [
                113.7074166667,
                33.8625833333
              ],
              [
                113.7074166667,
                33.8626666667
              ],
              [
                113.7073333333,
                33.8626666667
              ],
              [
                113.7073333333,
                33.86275
              ],
              [
                113.70725,
                33.86275
              ],
              [
                113.70725,
                33.8628333333
              ],
              [
                113.70725,
                33.8629166667
              ],
              [
                113.70725,
                33.863
              ],
              [
                113.70725,
                33.8630833333
              ],
              [
                113.70725,
                33.8631666667
              ],
              [
                113.7073333333,
                33.8631666667
              ],
              [
                113.7073333333,
                33.86325
              ],
              [
                113.7073333333,
                33.8633333333
              ],
              [
                113.7073333333,
                33.8634166667
              ],
              [
                113.7073333333,
                33.8635
              ],
              [
                113.7073333333,
                33.8635833333
              ],
              [
                113.7074166667,
                33.8635833333
              ],
              [
                113.7074166667,
                33.8636666667
              ],
              [
                113.7075,
                33.8636666667
              ],
              [
                113.7075,
                33.86375
              ],
              [
                113.7075833333,
                33.86375
              ],
              [
                113.7075833333,
                33.8636666667
              ],
              [
                113.7076666667,
                33.8636666667
              ],
              [
                113.7076666667,
                33.8635833333
              ],
              [
                113.7076666667,
                33.8635
              ],
              [
                113.7076666667,
                33.8634166667
              ],
              [
                113.70775,
                33.8634166667
              ],
              [
                113.70775,
                33.8635
              ],
              [
                113.7078333333,
                33.8635
              ],
              [
                113.7078333333,
                33.8635833333
              ],
              [
                113.7079166667,
                33.8635833333
              ],
              [
                113.7079166667,
                33.8636666667
              ],
              [
                113.7079166667,
                33.86375
              ],
              [
                113.7079166667,
                33.8638333333
              ],
              [
                113.7079166667,
                33.8639166667
              ],
              [
                113.7079166667,
                33.864
              ],
              [
                113.7078333333,
                33.864
              ],
              [
                113.7078333333,
                33.8639166667
              ],
              [
                113.70775,
                33.8639166667
              ],
              [
                113.70775,
                33.8638333333
              ],
              [
                113.7076666667,
                33.8638333333
              ],
              [
                113.7075833333,
                33.8638333333
              ],
              [
                113.7075833333,
                33.8639166667
              ],
              [
                113.7075,
                33.8639166667
              ],
              [
                113.7075,
                33.864
              ],
              [
                113.7074166667,
                33.864
              ],
              [
                113.7074166667,
                33.8640833333
              ],
              [
                113.7073333333,
                33.8640833333
              ],
              [
                113.7073333333,
                33.8641666667
              ],
              [
                113.70725,
                33.8641666667
              ],
              [
                113.70725,
                33.86425
              ],
              [
                113.7071666667,
                33.86425
              ],
              [
                113.7071666667,
                33.864323687147916
              ],
              [
                113.7074166667,
                33.864344216344996
              ],
              [
                113.7074166667,
                33.8643333333
              ],
              [
                113.7074166667,
                33.86425
              ],
              [
                113.7075,
                33.86425
              ],
              [
                113.7075,
                33.8641666667
              ],
              [
                113.7075833333,
                33.8641666667
              ],
              [
                113.7075833333,
                33.86425
              ],
              [
                113.7075833333,
                33.8643333333
              ],
              [
                113.7075833333,
                33.8644166667
              ],
              [
                113.7075833333,
                33.8644537230559
              ],
              [
                113.70758776306857,
                33.8645
              ],
              [
                113.7076666667,
                33.8645
              ],
              [
                113.7076666667,
                33.8645833333
              ],
              [
                113.7076666667,
                33.8646666667
              ],
              [
                113.70775,
                33.8646666667
              ],
              [
                113.70775,
                33.86475
              ],
              [
                113.7076666667,
                33.86475
              ],
              [
                113.70761169382214,
                33.86475
              ],
              [
                113.7076914629975,
                33.8655833333
              ],
              [
                113.70775,
                33.8655833333
              ],
              [
                113.7078333333,
                33.8655833333
              ],
              [
                113.7079166667,
                33.8655833333
              ],
              [
                113.708,
                33.8655833333
              ],
              [
                113.7080833333,
                33.8655833333
              ],
              [
                113.7080833333,
                33.8656666667
              ],
              [
                113.7081666667,
                33.8656666667
              ],
              [
                113.70825,
                33.8656666667
              ],
              [
                113.7083333333,
                33.8656666667
              ],
              [
                113.7084166667,
                33.8656666667
              ],
              [
                113.7085,
                33.8656666667
              ],
              [
                113.7085833333,
                33.8656666667
              ],
              [
                113.7086666667,
                33.8656666667
              ],
              [
                113.70875,
                33.8656666667
              ],
              [
                113.7088333333,
                33.8656666667
              ],
              [
                113.7089166667,
                33.8656666667
              ],
              [
                113.7089166667,
                33.8655833333
              ],
              [
                113.709,
                33.8655833333
              ],
              [
                113.7090833333,
                33.8655833333
              ],
              [
                113.7091666667,
                33.8655833333
              ],
              [
                113.70925,
                33.8655833333
              ],
              [
                113.70925,
                33.8655
              ],
              [
                113.7093333333,
                33.8655
              ],
              [
                113.7094166667,
                33.8655
              ],
              [
                113.7095,
                33.8655
              ],
              [
                113.7095833333,
                33.8655
              ],
              [
                113.7096666667,
                33.8655
              ],
              [
                113.7096666667,
                33.8654166667
              ],
              [
                113.70975,
                33.8654166667
              ],
              [
                113.7098333333,
                33.8654166667
              ],
              [
                113.7098333333,
                33.8653333333
              ],
              [
                113.7099166667,
                33.8653333333
              ],
              [
                113.7099166667,
                33.86525
              ],
              [
                113.7098333333,
                33.86525
              ],
              [
                113.7098333333,
                33.8651666667
              ],
              [
                113.7098333333,
                33.8650833333
              ],
              [
                113.70975,
                33.8650833333
              ],
              [
                113.70975,
                33.865
              ],
              [
                113.70975,
                33.8649166667
              ],
              [
                113.70975,
                33.8648333333
              ],
              [
                113.70975,
                33.86475
              ],
              [
                113.70975,
                33.8646666667
              ],
              [
                113.70975,
                33.8645833333
              ],
              [
                113.70975,
                33.8645
              ],
              [
                113.70975,
                33.8644166667
              ],
              [
                113.70975,
                33.8643333333
              ],
              [
                113.70975,
                33.86425
              ],
              [
                113.70975,
                33.8641666667
              ],
              [
                113.70975,
                33.8640833333
              ],
              [
                113.70975,
                33.864
              ],
              [
                113.70975,
                33.8639166667
              ],
              [
                113.7098333333,
                33.8639166667
              ],
              [
                113.7098333333,
                33.8638333333
              ],
              [
                113.7098333333,
                33.86375
              ],
              [
                113.7098333333,
                33.8636666667
              ],
              [
                113.7098333333,
                33.8635833333
              ],
              [
                113.7098333333,
                33.8635
              ],
              [
                113.7098333333,
                33.8634166667
              ],
              [
                113.70975,
                33.8634166667
              ],
              [
                113.70975,
                33.8633333333
              ],
              [
                113.70975,
                33.86325
              ],
              [
                113.70975,
                33.8631666667
              ],
              [
                113.70975,
                33.8630833333
              ],
              [
                113.70975,
                33.863
              ],
              [
                113.70975,
                33.8629166667
              ],
              [
                113.70975,
                33.8628333333
              ],
              [
                113.7096666667,
                33.8628333333
              ],
              [
                113.7096666667,
                33.86275
              ],
              [
                113.7095833333,
                33.86275
              ],
              [
                113.7095833333,
                33.8626666667
              ],
              [
                113.7095833333,
                33.8625833333
              ],
              [
                113.7095,
                33.8625833333
              ],
              [
                113.7095,
                33.8625
              ],
              [
                113.7095,
                33.8624166667
              ],
              [
                113.7094166667,
                33.8624166667
              ],
              [
                113.7094166667,
                33.8623333333
              ],
              [
                113.7093333333,
                33.8623333333
              ],
              [
                113.70925,
                33.8623333333
              ],
              [
                113.7091666667,
                33.8623333333
              ],
              [
                113.7091666667,
                33.86225
              ],
              [
                113.7090833333,
                33.86225
              ],
              [
                113.709,
                33.86225
              ],
              [
                113.709,
                33.8621666667
              ],
              [
                113.7089166667,
                33.8621666667
              ],
              [
                113.7088333333,
                33.8621666667
              ],
              [
                113.7088333333,
                33.8620833333
              ],
              [
                113.70875,
                33.8620833333
              ],
              [
                113.70875,
                33.862
              ],
              [
                113.7086666667,
                33.862
              ],
              [
                113.7085833333,
                33.862
              ],
              [
                113.70857531692766,
                33.862
              ],
              [
                113.70861111111111,
                33.86235555555556
              ],
              [
                113.70743333333334,
                33.86241388888889
              ],
              [
                113.7074166667,
                33.86241650326274
              ],
              [
                113.7074166667,
                33.8624166667
              ]
            ]
          ],
          [
            [
              [
                113.70725,
                33.8624166667
              ],
              [
                113.70729014102825,
                33.8624166667
              ],
              [
                113.70728360256149,
                33.8623333333
              ],
              [
                113.70725,
                33.8623333333
              ],
              [
                113.70725,
                33.8624166667
              ]
            ]
          ],
          [
            [
              [
                113.7070833333,
                33.862
              ],
              [
                113.7070833333,
                33.8619166667
              ],
              [
                113.707,
                33.8619166667
              ],
              [
                113.707,
                33.8618333333
              ],
              [
                113.7069166667,
                33.8618333333
              ],
              [
                113.7068333333,
                33.8618333333
              ],
              [
                113.70675,
                33.8618333333
              ],
              [
                113.70675,
                33.8619166667
              ],
              [
                113.70675,
                33.862
              ],
              [
                113.7066666667,
                33.862
              ],
              [
                113.7066666667,
                33.8620833333
              ],
              [
                113.7066666667,
                33.8621666667
              ],
              [
                113.70675,
                33.8621666667
              ],
              [
                113.7068333333,
                33.8621666667
              ],
              [
                113.7069166667,
                33.8621666667
              ],
              [
                113.7069166667,
                33.8620833333
              ],
              [
                113.707,
                33.8620833333
              ],
              [
                113.7070833333,
                33.8620833333
              ],
              [
                113.7070833333,
                33.862
              ]
            ]
          ],
          [
            [
              [
                113.7069166667,
                33.8614166667
              ],
              [
                113.707,
                33.8614166667
              ],
              [
                113.707,
                33.8613333333
              ],
              [
                113.707,
                33.86125
              ],
              [
                113.707,
                33.8611666667
              ],
              [
                113.707,
                33.8610833333
              ],
              [
                113.7070833333,
                33.8610833333
              ],
              [
                113.7070833333,
                33.861
              ],
              [
                113.707,
                33.861
              ],
              [
                113.707,
                33.8609166667
              ],
              [
                113.7069166667,
                33.8609166667
              ],
              [
                113.7068333333,
                33.8609166667
              ],
              [
                113.7068333333,
                33.8608333333
              ],
              [
                113.70675,
                33.8608333333
              ],
              [
                113.7066666667,
                33.8608333333
              ],
              [
                113.7065833333,
                33.8608333333
              ],
              [
                113.7065,
                33.8608333333
              ],
              [
                113.7065,
                33.8609166667
              ],
              [
                113.7065,
                33.861
              ],
              [
                113.7065,
                33.8610833333
              ],
              [
                113.7065,
                33.8611666667
              ],
              [
                113.7065833333,
                33.8611666667
              ],
              [
                113.7065833333,
                33.86125
              ],
              [
                113.7066666667,
                33.86125
              ],
              [
                113.7066666667,
                33.8613333333
              ],
              [
                113.7066666667,
                33.8614166667
              ],
              [
                113.70675,
                33.8614166667
              ],
              [
                113.7068333333,
                33.8614166667
              ],
              [
                113.7069166667,
                33.8614166667
              ]
            ]
          ],
          [
            [
              [
                113.706,
                33.86275
              ],
              [
                113.7060833333,
                33.86275
              ],
              [
                113.7061666667,
                33.86275
              ],
              [
                113.70625,
                33.86275
              ],
              [
                113.7063333333,
                33.86275
              ],
              [
                113.7063333333,
                33.8626666667
              ],
              [
                113.7064166667,
                33.8626666667
              ],
              [
                113.7064166667,
                33.86275
              ],
              [
                113.7065,
                33.86275
              ],
              [
                113.7065833333,
                33.86275
              ],
              [
                113.7066666667,
                33.86275
              ],
              [
                113.70675,
                33.86275
              ],
              [
                113.7068333333,
                33.86275
              ],
              [
                113.7068333333,
                33.8626666667
              ],
              [
                113.7069166667,
                33.8626666667
              ],
              [
                113.7069166667,
                33.8625833333
              ],
              [
                113.7069166667,
                33.8625
              ],
              [
                113.7069166667,
                33.8624166667
              ],
              [
                113.7068333333,
                33.8624166667
              ],
              [
                113.7068333333,
                33.8623333333
              ],
              [
                113.70675,
                33.8623333333
              ],
              [
                113.70675,
                33.86225
              ],
              [
                113.7066666667,
                33.86225
              ],
              [
                113.7066666667,
                33.8621666667
              ],
              [
                113.7065833333,
                33.8621666667
              ],
              [
                113.7065833333,
                33.86225
              ],
              [
                113.7065,
                33.86225
              ],
              [
                113.7064166667,
                33.86225
              ],
              [
                113.7063333333,
                33.86225
              ],
              [
                113.70625,
                33.86225
              ],
              [
                113.7061666667,
                33.86225
              ],
              [
                113.7060833333,
                33.86225
              ],
              [
                113.706,
                33.86225
              ],
              [
                113.706,
                33.8623333333
              ],
              [
                113.7059166667,
                33.8623333333
              ],
              [
                113.7058333333,
                33.8623333333
              ],
              [
                113.7058333333,
                33.8624166667
              ],
              [
                113.70575,
                33.8624166667
              ],
              [
                113.70575,
                33.8625
              ],
              [
                113.7056666667,
                33.8625
              ],
              [
                113.7055833333,
                33.8625
              ],
              [
                113.7055833333,
                33.8625833333
              ],
              [
                113.7056666667,
                33.8625833333
              ],
              [
                113.7056666667,
                33.8626666667
              ],
              [
                113.70575,
                33.8626666667
              ],
              [
                113.70575,
                33.86275
              ],
              [
                113.7058333333,
                33.86275
              ],
              [
                113.7059166667,
                33.86275
              ],
              [
                113.706,
                33.86275
              ]
            ]
          ],
          [
            [
              [
                113.7056666667,
                33.8634166667
              ],
              [
                113.70575,
                33.8634166667
              ],
              [
                113.7058333333,
                33.8634166667
              ],
              [
                113.7058333333,
                33.8633333333
              ],
              [
                113.70575,
                33.8633333333
              ],
              [
                113.7056666667,
                33.8633333333
              ],
              [
                113.7055833333,
                33.8633333333
              ],
              [
                113.7055833333,
                33.86325
              ],
              [
                113.7055,
                33.86325
              ],
              [
                113.7055,
                33.8633333333
              ],
              [
                113.7055,
                33.8634166667
              ],
              [
                113.7055833333,
                33.8634166667
              ],
              [
                113.7056666667,
                33.8634166667
              ]
            ]
          ],
          [
            [
              [
                113.70525,
                33.8613333333
              ],
              [
                113.70525,
                33.8614166667
              ],
              [
                113.7053333333,
                33.8614166667
              ],
              [
                113.7053333333,
                33.8613333333
              ],
              [
                113.70525,
                33.8613333333
              ]
            ]
          ],
          [
            [
              [
                113.7048333333,
                33.8628333333
              ],
              [
                113.7048333333,
                33.86275
              ],
              [
                113.7049166667,
                33.86275
              ],
              [
                113.705,
                33.86275
              ],
              [
                113.705,
                33.8626666667
              ],
              [
                113.705,
                33.8625833333
              ],
              [
                113.7049166667,
                33.8625833333
              ],
              [
                113.7048333333,
                33.8625833333
              ],
              [
                113.70475,
                33.8625833333
              ],
              [
                113.70475,
                33.8626666667
              ],
              [
                113.7046666667,
                33.8626666667
              ],
              [
                113.7046666667,
                33.86275
              ],
              [
                113.7046666667,
                33.8628333333
              ],
              [
                113.70475,
                33.8628333333
              ],
              [
                113.70475,
                33.8629166667
              ],
              [
                113.70475,
                33.863
              ],
              [
                113.70475,
                33.8630833333
              ],
              [
                113.7048333333,
                33.8630833333
              ],
              [
                113.7048333333,
                33.863
              ],
              [
                113.7048333333,
                33.8629166667
              ],
              [
                113.7048333333,
                33.8628333333
              ]
            ]
          ],
          [
            [
              [
                113.7061666667,
                33.864
              ],
              [
                113.70625,
                33.864
              ],
              [
                113.70625,
                33.8639166667
              ],
              [
                113.7061666667,
                33.8639166667
              ],
              [
                113.7060833333,
                33.8639166667
              ],
              [
                113.7060833333,
                33.864
              ],
              [
                113.7061666667,
                33.864
              ]
            ]
          ],
          [
            [
              [
                113.7060833333,
                33.8639166667
              ],
              [
                113.7060833333,
                33.8638333333
              ],
              [
                113.706,
                33.8638333333
              ],
              [
                113.7059166667,
                33.8638333333
              ],
              [
                113.7059166667,
                33.8639166667
              ],
              [
                113.706,
                33.8639166667
              ],
              [
                113.7060833333,
                33.8639166667
              ]
            ]
          ],
          [
            [
              [
                113.7058333333,
                33.8638333333
              ],
              [
                113.7059166667,
                33.8638333333
              ],
              [
                113.7059166667,
                33.86375
              ],
              [
                113.7058333333,
                33.86375
              ],
              [
                113.7058333333,
                33.8638333333
              ]
            ]
          ],
          [
            [
              [
                113.7045,
                33.8640833333
              ],
              [
                113.7045833333,
                33.8640833333
              ],
              [
                113.7045833333,
                33.864092819145924
              ],
              [
                113.70475,
                33.864107890070926
              ],
              [
                113.70475,
                33.8640833333
              ],
              [
                113.7048333333,
                33.8640833333
              ],
              [
                113.7049166667,
                33.8640833333
              ],
              [
                113.7049166667,
                33.86412296099592
              ],
              [
                113.7054,
                33.86416666666667
              ],
              [
                113.70539999999569,
                33.8641666667
              ],
              [
                113.7054166667,
                33.8641666667
              ],
              [
                113.7054166667,
                33.8640833333
              ],
              [
                113.7053333333,
                33.8640833333
              ],
              [
                113.7053333333,
                33.864
              ],
              [
                113.70525,
                33.864
              ],
              [
                113.70525,
                33.8639166667
              ],
              [
                113.7051666667,
                33.8639166667
              ],
              [
                113.7051666667,
                33.8638333333
              ],
              [
                113.7050833333,
                33.8638333333
              ],
              [
                113.705,
                33.8638333333
              ],
              [
                113.7049166667,
                33.8638333333
              ],
              [
                113.7049166667,
                33.86375
              ],
              [
                113.7048333333,
                33.86375
              ],
              [
                113.70475,
                33.86375
              ],
              [
                113.7046666667,
                33.86375
              ],
              [
                113.7045833333,
                33.86375
              ],
              [
                113.7045,
                33.86375
              ],
              [
                113.7044166667,
                33.86375
              ],
              [
                113.7044166667,
                33.8638333333
              ],
              [
                113.7044166667,
                33.8639166667
              ],
              [
                113.7045,
                33.8639166667
              ],
              [
                113.7045,
                33.864
              ],
              [
                113.7045,
                33.8640833333
              ]
            ]
          ],
          [
            [
              [
                113.7038333333,
                33.8638333333
              ],
              [
                113.7039166667,
                33.8638333333
              ],
              [
                113.7039166667,
                33.86375
              ],
              [
                113.704,
                33.86375
              ],
              [
                113.704,
                33.8636666667
              ],
              [
                113.704,
                33.8635833333
              ],
              [
                113.704,
                33.8635
              ],
              [
                113.7040833333,
                33.8635
              ],
              [
                113.7040833333,
                33.8634166667
              ],
              [
                113.7041666667,
                33.8634166667
              ],
              [
                113.7041666667,
                33.8635
              ],
              [
                113.70425,
                33.8635
              ],
              [
                113.7043333333,
                33.8635
              ],
              [
                113.7043333333,
                33.8634166667
              ],
              [
                113.7043333333,
                33.8633333333
              ],
              [
                113.70425,
                33.8633333333
              ],
              [
                113.70425,
                33.86325
              ],
              [
                113.7041666667,
                33.86325
              ],
              [
                113.7041666667,
                33.8631666667
              ],
              [
                113.7040833333,
                33.8631666667
              ],
              [
                113.704,
                33.8631666667
              ],
              [
                113.704,
                33.86325
              ],
              [
                113.7039166667,
                33.86325
              ],
              [
                113.7039166667,
                33.8633333333
              ],
              [
                113.7039166667,
                33.8634166667
              ],
              [
                113.7038333333,
                33.8634166667
              ],
              [
                113.7038333333,
                33.8635
              ],
              [
                113.7038333333,
                33.8635833333
              ],
              [
                113.7038333333,
                33.8636666667
              ],
              [
                113.7038333333,
                33.86375
              ],
              [
                113.7038333333,
                33.8638333333
              ]
            ]
          ],
          [
            [
              [
                113.7094166667,
                33.868
              ],
              [
                113.7095,
                33.868
              ],
              [
                113.7095833333,
                33.868
              ],
              [
                113.7096666667,
                33.868
              ],
              [
                113.70975,
                33.868
              ],
              [
                113.7098333333,
                33.868
              ],
              [
                113.7099166667,
                33.868
              ],
              [
                113.71,
                33.868
              ],
              [
                113.7100833333,
                33.868
              ],
              [
                113.7101666667,
                33.868
              ],
              [
                113.71019579072937,
                33.868
              ],
              [
                113.71017431833674,
                33.86775
              ],
              [
                113.7101666667,
                33.86775
              ],
              [
                113.7101666667,
                33.8676666667
              ],
              [
                113.7101671608754,
                33.8676666667
              ],
              [
                113.71015833333334,
                33.86756388888889
              ],
              [
                113.7103333333,
                33.867569076634936
              ],
              [
                113.7103333333,
                33.8675
              ],
              [
                113.71025,
                33.8675
              ],
              [
                113.71025,
                33.8674166667
              ],
              [
                113.7101666667,
                33.8674166667
              ],
              [
                113.7100833333,
                33.8674166667
              ],
              [
                113.71,
                33.8674166667
              ],
              [
                113.71,
                33.8675
              ],
              [
                113.71,
                33.8675833333
              ],
              [
                113.71,
                33.8676666667
              ],
              [
                113.7099166667,
                33.8676666667
              ],
              [
                113.7098333333,
                33.8676666667
              ],
              [
                113.7098333333,
                33.86775
              ],
              [
                113.70975,
                33.86775
              ],
              [
                113.70975,
                33.8678333333
              ],
              [
                113.7096666667,
                33.8678333333
              ],
              [
                113.7095833333,
                33.8678333333
              ],
              [
                113.7095833333,
                33.86775
              ],
              [
                113.7095,
                33.86775
              ],
              [
                113.7094166667,
                33.86775
              ],
              [
                113.7094166667,
                33.8676666667
              ],
              [
                113.7093333333,
                33.8676666667
              ],
              [
                113.7093333333,
                33.8675833333
              ],
              [
                113.70925,
                33.8675833333
              ],
              [
                113.7091666667,
                33.8675833333
              ],
              [
                113.7090833333,
                33.8675833333
              ],
              [
                113.7090833333,
                33.8676666667
              ],
              [
                113.7091666667,
                33.8676666667
              ],
              [
                113.70925,
                33.8676666667
              ],
              [
                113.70925,
                33.86775
              ],
              [
                113.7093333333,
                33.86775
              ],
              [
                113.7093333333,
                33.8678333333
              ],
              [
                113.7093333333,
                33.8679166667
              ],
              [
                113.70925,
                33.8679166667
              ],
              [
                113.70925,
                33.868
              ],
              [
                113.7093333333,
                33.868
              ],
              [
                113.7094166667,
                33.868
              ]
            ]
          ],
          [
            [
              [
                113.71,
                33.8671666667
              ],
              [
                113.71,
                33.86725
              ],
              [
                113.7100833333,
                33.86725
              ],
              [
                113.7100833333,
                33.8671666667
              ],
              [
                113.7101666667,
                33.8671666667
              ],
              [
                113.71025,
                33.8671666667
              ],
              [
                113.71025,
                33.8670833333
              ],
              [
                113.7101666667,
                33.8670833333
              ],
              [
                113.7101666667,
                33.867
              ],
              [
                113.7100833333,
                33.867
              ],
              [
                113.7100833333,
                33.8670833333
              ],
              [
                113.71,
                33.8670833333
              ],
              [
                113.71,
                33.8671666667
              ]
            ]
          ],
          [
            [
              [
                113.7100833333,
                33.8694166667
              ],
              [
                113.71,
                33.8694166667
              ],
              [
                113.7099166667,
                33.8694166667
              ],
              [
                113.7098333333,
                33.8694166667
              ],
              [
                113.70975,
                33.8694166667
              ],
              [
                113.7096666667,
                33.8694166667
              ],
              [
                113.7095833333,
                33.8694166667
              ],
              [
                113.7095833333,
                33.86944846790526
              ],
              [
                113.71010555555556,
                33.869505555555556
              ],
              [
                113.71011102819033,
                33.8694166667
              ],
              [
                113.7100833333,
                33.8694166667
              ]
            ]
          ],
          [
            [
              [
                113.7093333333,
                33.8674166667
              ],
              [
                113.7093333333,
                33.8673333333
              ],
              [
                113.7093333333,
                33.86725
              ],
              [
                113.70925,
                33.86725
              ],
              [
                113.70925,
                33.8673333333
              ],
              [
                113.70925,
                33.8674166667
              ],
              [
                113.7093333333,
                33.8674166667
              ]
            ]
          ],
          [
            [
              [
                113.70875,
                33.8693333333
              ],
              [
                113.7086666667,
                33.8693333333
              ],
              [
                113.7086666667,
                33.86925
              ],
              [
                113.7085833333,
                33.86925
              ],
              [
                113.7085,
                33.86925
              ],
              [
                113.7085,
                33.86933004140787
              ],
              [
                113.70875,
                33.86935737060042
              ],
              [
                113.70875,
                33.8693333333
              ]
            ]
          ],
          [
            [
              [
                113.7083333333,
                33.8676666667
              ],
              [
                113.7084166667,
                33.8676666667
              ],
              [
                113.7084166667,
                33.8675833333
              ],
              [
                113.7083333333,
                33.8675833333
              ],
              [
                113.7083333333,
                33.8676666667
              ]
            ]
          ],
          [
            [
              [
                113.708,
                33.8679166667
              ],
              [
                113.7079166667,
                33.8679166667
              ],
              [
                113.7079166667,
                33.868
              ],
              [
                113.708,
                33.868
              ],
              [
                113.7080833333,
                33.868
              ],
              [
                113.7080833333,
                33.8679166667
              ],
              [
                113.708,
                33.8679166667
              ]
            ]
          ],
          [
            [
              [
                113.7079166667,
                33.8670833333
              ],
              [
                113.7079166667,
                33.867
              ],
              [
                113.7079166667,
                33.8669166667
              ],
              [
                113.7079166667,
                33.8668333333
              ],
              [
                113.7079166667,
                33.86675
              ],
              [
                113.7078333333,
                33.86675
              ],
              [
                113.7078333333,
                33.8666666667
              ],
              [
                113.70775,
                33.8666666667
              ],
              [
                113.70774900996746,
                33.8666666667
              ],
              [
                113.70777608838185,
                33.86725
              ],
              [
                113.7078333333,
                33.86725
              ],
              [
                113.7079166667,
                33.86725
              ],
              [
                113.7079166667,
                33.8671666667
              ],
              [
                113.7079166667,
                33.8670833333
              ]
            ]
          ],
          [
            [
              [
                113.7079166667,
                33.86925
              ],
              [
                113.7079166667,
                33.86926627329557
              ],
              [
                113.7084166667,
                33.86932093168067
              ],
              [
                113.7084166667,
                33.86925
              ],
              [
                113.7083333333,
                33.86925
              ],
              [
                113.7083333333,
                33.8691666667
              ],
              [
                113.70825,
                33.8691666667
              ],
              [
                113.7081666667,
                33.8691666667
              ],
              [
                113.7080833333,
                33.8691666667
              ],
              [
                113.7080833333,
                33.8690833333
              ],
              [
                113.708,
                33.8690833333
              ],
              [
                113.708,
                33.869
              ],
              [
                113.708,
                33.8689166667
              ],
              [
                113.708,
                33.8688333333
              ],
              [
                113.708,
                33.86875
              ],
              [
                113.7079166667,
                33.86875
              ],
              [
                113.70784571859429,
                33.86875
              ],
              [
                113.70786892866509,
                33.86925
              ],
              [
                113.7079166667,
                33.86925
              ]
            ]
          ],
          [
            [
              [
                113.7078333333,
                33.8684166667
              ],
              [
                113.7078333333,
                33.8683333333
              ],
              [
                113.7078333333,
                33.86825
              ],
              [
                113.7078333333,
                33.8681666667
              ],
              [
                113.70781864017988,
                33.8681666667
              ],
              [
                113.7078333333,
                33.868483191372384
              ],
              [
                113.7078333333,
                33.8684166667
              ]
            ]
          ]
        ]
      }
    },
    {
      "type": "Feature",
      "properties": {
        "名称": "水体分类",
        "source_year": 2021,
        "resolution_m": 10
      },
      "geometry": {
        "type": "Polygon",
        "coordinates": [
          [
            [
              113.7039166667,
              33.86125
            ],
            [
              113.7039166667,
              33.8613333333
            ],
            [
              113.704,
              33.8613333333
            ],
            [
              113.704,
              33.86125
            ],
            [
              113.7039166667,
              33.86125
            ]
          ]
        ]
      }
    },
    {
      "type": "Feature",
      "properties": {
        "名称": "保留林缘",
        "source_year": 2021,
        "resolution_m": 10
      },
      "geometry": {
        "type": "MultiPolygon",
        "coordinates": [
          [
            [
              [
                113.7074166667,
                33.8624166667
              ],
              [
                113.7074166667,
                33.8625
              ],
              [
                113.7074166667,
                33.8625833333
              ],
              [
                113.7074166667,
                33.8626666667
              ],
              [
                113.7073333333,
                33.8626666667
              ],
              [
                113.7073333333,
                33.86275
              ],
              [
                113.70725,
                33.86275
              ],
              [
                113.70725,
                33.8628333333
              ],
              [
                113.70725,
                33.8629166667
              ],
              [
                113.70725,
                33.863
              ],
              [
                113.70725,
                33.8630833333
              ],
              [
                113.70725,
                33.8631666667
              ],
              [
                113.7073333333,
                33.8631666667
              ],
              [
                113.7073333333,
                33.86325
              ],
              [
                113.7073333333,
                33.8633333333
              ],
              [
                113.7073333333,
                33.8634166667
              ],
              [
                113.7073333333,
                33.8635
              ],
              [
                113.7073333333,
                33.8635833333
              ],
              [
                113.7074166667,
                33.8635833333
              ],
              [
                113.7074166667,
                33.8636666667
              ],
              [
                113.7075,
                33.8636666667
              ],
              [
                113.7075,
                33.86375
              ],
              [
                113.7075833333,
                33.86375
              ],
              [
                113.7075833333,
                33.8636666667
              ],
              [
                113.7076666667,
                33.8636666667
              ],
              [
                113.7076666667,
                33.8635833333
              ],
              [
                113.7076666667,
                33.8635
              ],
              [
                113.7076666667,
                33.8634166667
              ],
              [
                113.70775,
                33.8634166667
              ],
              [
                113.70775,
                33.8635
              ],
              [
                113.7078333333,
                33.8635
              ],
              [
                113.7078333333,
                33.8635833333
              ],
              [
                113.7079166667,
                33.8635833333
              ],
              [
                113.7079166667,
                33.8636666667
              ],
              [
                113.7079166667,
                33.86375
              ],
              [
                113.7079166667,
                33.8638333333
              ],
              [
                113.7079166667,
                33.8639166667
              ],
              [
                113.7079166667,
                33.864
              ],
              [
                113.7078333333,
                33.864
              ],
              [
                113.7078333333,
                33.8639166667
              ],
              [
                113.70775,
                33.8639166667
              ],
              [
                113.70775,
                33.8638333333
              ],
              [
                113.7076666667,
                33.8638333333
              ],
              [
                113.7075833333,
                33.8638333333
              ],
              [
                113.7075833333,
                33.8639166667
              ],
              [
                113.7075,
                33.8639166667
              ],
              [
                113.7075,
                33.864
              ],
              [
                113.7074166667,
                33.864
              ],
              [
                113.7074166667,
                33.8640833333
              ],
              [
                113.7073333333,
                33.8640833333
              ],
              [
                113.7073333333,
                33.8641666667
              ],
              [
                113.70725,
                33.8641666667
              ],
              [
                113.70725,
                33.86425
              ],
              [
                113.7071666667,
                33.86425
              ],
              [
                113.7071666667,
                33.864323687147916
              ],
              [
                113.70722070225052,
                33.86432812437378
              ],
              [
                113.70722070225052,
                33.86429507756048
              ],
              [
                113.70725,
                33.86429507756048
              ],
              [
                113.70725529641014,
                33.864294860499704
              ],
              [
                113.70726054181296,
                33.86429421140779
              ],
              [
                113.70726568569235,
                33.864293136535856
              ],
              [
                113.70727067850994,
                33.8642916462355
              ],
              [
                113.70727547218219,
                33.86428975485913
              ],
              [
                113.7072800205434,
                33.86428748062173
              ],
              [
                113.70728427979036,
                33.86428484542546
              ],
              [
                113.7072882089042,
                33.86428187464869
              ],
              [
                113.7072917700454,
                33.864278596901634
              ],
              [
                113.70729492891824,
                33.86427504375078
              ],
              [
                113.70729765510103,
                33.86427124941491
              ],
              [
                113.70729992233916,
                33.86426725043557
              ],
              [
                113.70730170879786,
                33.86426308532509
              ],
              [
                113.70730299727256,
                33.864258794195784
              ],
              [
                113.70730377535457,
                33.86425441837357
              ],
              [
                113.70730403555052,
                33.86425
              ],
              [
                113.70730403555052,
                33.86421174426048
              ],
              [
                113.7073333333,
                33.86421174426048
              ],
              [
                113.70733862971014,
                33.86421152719971
              ],
              [
                113.70734387511295,
                33.86421087810779
              ],
              [
                113.70734901899235,
                33.86420980323586
              ],
              [
                113.70735401180994,
                33.8642083129355
              ],
              [
                113.70735880548219,
                33.86420642155913
              ],
              [
                113.70736335384339,
                33.864204147321736
              ],
              [
                113.70736761309036,
                33.86420151212546
              ],
              [
                113.7073715422042,
                33.86419854134869
              ],
              [
                113.7073751033454,
                33.86419526360164
              ],
              [
                113.70737826221824,
                33.86419171045078
              ],
              [
                113.70738098840103,
                33.864187916114915
              ],
              [
                113.70738325563916,
                33.86418391713557
              ],
              [
                113.70738504209785,
                33.864179752025095
              ],
              [
                113.70738633057256,
                33.86417546089579
              ],
              [
                113.70738710865457,
                33.86417108507357
              ],
              [
                113.70738736885052,
                33.8641666667
              ],
              [
                113.70738736885052,
                33.86412841086048
              ],
              [
                113.7074166667,
                33.86412841086048
              ],
              [
                113.70742196311014,
                33.86412819379971
              ],
              [
                113.70742720851295,
                33.86412754470779
              ],
              [
                113.70743235239235,
                33.86412646983586
              ],
              [
                113.70743734520994,
                33.864124979535504
              ],
              [
                113.70744213888219,
                33.86412308815913
              ],
              [
                113.70744668724339,
                33.86412081392174
              ],
              [
                113.70745094649035,
                33.86411817872546
              ],
              [
                113.7074548756042,
                33.86411520794869
              ],
              [
                113.7074584367454,
                33.86411193020164
              ],
              [
                113.70746159561824,
                33.86410837705078
              ],
              [
                113.70746432180103,
                33.864104582714916
              ],
              [
                113.70746658903916,
                33.86410058373557
              ],
              [
                113.70746837549785,
                33.864096418625095
              ],
              [
                113.70746966397256,
                33.86409212749579
              ],
              [
                113.70747044205457,
                33.86408775167357
              ],
              [
                113.70747070225052,
                33.8640833333
              ],
              [
                113.70747070225052,
                33.864045077560476
              ],
              [
                113.7075,
                33.864045077560476
              ],
              [
                113.70750529641013,
                33.8640448604997
              ],
              [
                113.70751054181295,
                33.86404421140779
              ],
              [
                113.70751568569234,
                33.864043136535855
              ],
              [
                113.70752067850994,
                33.8640416462355
              ],
              [
                113.70752547218218,
                33.86403975485913
              ],
              [
                113.70753002054339,
                33.86403748062173
              ],
              [
                113.70753427979035,
                33.86403484542546
              ],
              [
                113.7075382089042,
                33.86403187464869
              ],
              [
                113.7075417700454,
                33.86402859690163
              ],
              [
                113.70754492891824,
                33.86402504375078
              ],
              [
                113.70754765510102,
                33.86402124941491
              ],
              [
                113.70754992233915,
                33.864017250435566
              ],
              [
                113.70755170879785,
                33.86401308532509
              ],
              [
                113.70755299727256,
                33.86400879419578
              ],
              [
                113.70755377535457,
                33.86400441837357
              ],
              [
                113.70755403555052,
                33.864
              ],
              [
                113.70755403555052,
                33.86396174426048
              ],
              [
                113.7075833333,
                33.86396174426048
              ],
              [
                113.70758862971013,
                33.863961527199706
              ],
              [
                113.70759387511295,
                33.86396087810779
              ],
              [
                113.70759901899234,
                33.86395980323586
              ],
              [
                113.70760401180993,
                33.8639583129355
              ],
              [
                113.70760880548218,
                33.86395642155913
              ],
              [
                113.70761335384339,
                33.863954147321735
              ],
              [
                113.70761761309035,
                33.86395151212546
              ],
              [
                113.7076215422042,
                33.86394854134869
              ],
              [
                113.70762510334539,
                33.863945263601636
              ],
              [
                113.70762826221824,
                33.86394171045078
              ],
              [
                113.70763098840102,
                33.863937916114914
              ],
              [
                113.70763325563915,
                33.86393391713557
              ],
              [
                113.70763504209785,
                33.86392975202509
              ],
              [
                113.70763633057256,
                33.863925460895786
              ],
              [
                113.70763710865457,
                33.86392108507357
              ],
              [
                113.70763736885051,
                33.8639166667
              ],
              [
                113.70763736885051,
                33.86387841086048
              ],
              [
                113.70769596444948,
                33.86387841086048
              ],
              [
                113.70769596444948,
                33.8639166667
              ],
              [
                113.70769622464543,
                33.86392108507357
              ],
              [
                113.70769700272744,
                33.863925460895786
              ],
              [
                113.70769829120215,
                33.86392975202509
              ],
              [
                113.70770007766085,
                33.86393391713557
              ],
              [
                113.70770234489898,
                33.863937916114914
              ],
              [
                113.70770507108176,
                33.86394171045078
              ],
              [
                113.7077082299546,
                33.863945263601636
              ],
              [
                113.7077117910958,
                33.86394854134869
              ],
              [
                113.70771572020965,
                33.86395151212546
              ],
              [
                113.70771997945661,
                33.863954147321735
              ],
              [
                113.70772452781782,
                33.86395642155913
              ],
              [
                113.70772932149006,
                33.8639583129355
              ],
              [
                113.70773431430766,
                33.86395980323586
              ],
              [
                113.70773945818705,
                33.86396087810779
              ],
              [
                113.70774470358987,
                33.863961527199706
              ],
              [
                113.70775,
                33.86396174426048
              ],
              [
                113.70777929774948,
                33.86396174426048
              ],
              [
                113.70777929774948,
                33.864
              ],
              [
                113.70777955794543,
                33.86400441837357
              ],
              [
                113.70778033602744,
                33.86400879419578
              ],
              [
                113.70778162450215,
                33.86401308532509
              ],
              [
                113.70778341096084,
                33.864017250435566
              ],
              [
                113.70778567819897,
                33.86402124941491
              ],
              [
                113.70778840438176,
                33.86402504375078
              ],
              [
                113.7077915632546,
                33.86402859690163
              ],
              [
                113.7077951243958,
                33.86403187464869
              ],
              [
                113.70779905350965,
                33.86403484542546
              ],
              [
                113.70780331275661,
                33.86403748062173
              ],
              [
                113.70780786111781,
                33.86403975485913
              ],
              [
                113.70781265479006,
                33.8640416462355
              ],
              [
                113.70781764760765,
                33.864043136535855
              ],
              [
                113.70782279148705,
                33.86404421140779
              ],
              [
                113.70782803688986,
                33.8640448604997
              ],
              [
                113.7078333333,
                33.864045077560476
              ],
              [
                113.7079166667,
                33.864045077560476
              ],
              [
                113.70792196311014,
                33.8640448604997
              ],
              [
                113.70792720851296,
                33.86404421140779
              ],
              [
                113.70793235239235,
                33.864043136535855
              ],
              [
                113.70793734520994,
                33.8640416462355
              ],
              [
                113.70794213888219,
                33.86403975485913
              ],
              [
                113.70794668724339,
                33.86403748062173
              ],
              [
                113.70795094649036,
                33.86403484542546
              ],
              [
                113.7079548756042,
                33.86403187464869
              ],
              [
                113.7079584367454,
                33.86402859690163
              ],
              [
                113.70796159561824,
                33.86402504375078
              ],
              [
                113.70796432180103,
                33.86402124941491
              ],
              [
                113.70796658903916,
                33.864017250435566
              ],
              [
                113.70796837549786,
                33.86401308532509
              ],
              [
                113.70796966397256,
                33.86400879419578
              ],
              [
                113.70797044205457,
                33.86400441837357
              ],
              [
                113.70797070225052,
                33.864
              ],
              [
                113.70797070225052,
                33.8635833333
              ],
              [
                113.70797044205457,
                33.86357891492643
              ],
              [
                113.70796966397256,
                33.863574539104214
              ],
              [
                113.70796837549786,
                33.863570247974906
              ],
              [
                113.70796658903916,
                33.86356608286443
              ],
              [
                113.70796432180103,
                33.863562083885085
              ],
              [
                113.70796159561824,
                33.86355828954922
              ],
              [
                113.7079584367454,
                33.86355473639836
              ],
              [
                113.7079548756042,
                33.86355145865131
              ],
              [
                113.70795094649036,
                33.86354848787454
              ],
              [
                113.70794668724339,
                33.863545852678264
              ],
              [
                113.70794213888219,
                33.86354357844087
              ],
              [
                113.70793734520994,
                33.8635416870645
              ],
              [
                113.70793235239235,
                33.86354019676414
              ],
              [
                113.70792720851296,
                33.86353912189221
              ],
              [
                113.70792196311014,
                33.86353847280029
              ],
              [
                113.7079166667,
                33.86353825573952
              ],
              [
                113.70788736885052,
                33.86353825573952
              ],
              [
                113.70788736885052,
                33.8635
              ],
              [
                113.70788710865457,
                33.86349558162643
              ],
              [
                113.70788633057256,
                33.863491205804216
              ],
              [
                113.70788504209786,
                33.86348691467491
              ],
              [
                113.70788325563916,
                33.86348274956443
              ],
              [
                113.70788098840103,
                33.86347875058509
              ],
              [
                113.70787826221824,
                33.86347495624922
              ],
              [
                113.7078751033454,
                33.863471403098366
              ],
              [
                113.7078715422042,
                33.86346812535131
              ],
              [
                113.70786761309036,
                33.86346515457454
              ],
              [
                113.7078633538434,
                33.86346251937827
              ],
              [
                113.70785880548219,
                33.86346024514087
              ],
              [
                113.70785401180994,
                33.8634583537645
              ],
              [
                113.70784901899235,
                33.863456863464144
              ],
              [
                113.70784387511296,
                33.86345578859221
              ],
              [
                113.70783862971014,
                33.863455139500296
              ],
              [
                113.7078333333,
                33.86345492243952
              ],
              [
                113.70780403555052,
                33.86345492243952
              ],
              [
                113.70780403555052,
                33.8634166667
              ],
              [
                113.70780377535458,
                33.863412248326426
              ],
              [
                113.70780299727257,
                33.86340787250421
              ],
              [
                113.70780170879786,
                33.863403581374904
              ],
              [
                113.70779992233916,
                33.86339941626443
              ],
              [
                113.70779765510103,
                33.86339541728508
              ],
              [
                113.70779492891825,
                33.863391622949216
              ],
              [
                113.7077917700454,
                33.86338806979836
              ],
              [
                113.7077882089042,
                33.863384792051306
              ],
              [
                113.70778427979036,
                33.86338182127454
              ],
              [
                113.7077800205434,
                33.86337918607826
              ],
              [
                113.70777547218219,
                33.86337691184087
              ],
              [
                113.70777067850995,
                33.863375020464495
              ],
              [
                113.70776568569235,
                33.86337353016414
              ],
              [
                113.70776054181296,
                33.86337245529221
              ],
              [
                113.70775529641014,
                33.86337180620029
              ],
              [
                113.70775,
                33.86337158913952
              ],
              [
                113.7076666667,
                33.86337158913952
              ],
              [
                113.70766137028987,
                33.86337180620029
              ],
              [
                113.70765612488705,
                33.86337245529221
              ],
              [
                113.70765098100766,
                33.86337353016414
              ],
              [
                113.70764598819007,
                33.863375020464495
              ],
              [
                113.70764119451782,
                33.86337691184087
              ],
              [
                113.70763664615662,
                33.86337918607826
              ],
              [
                113.70763238690965,
                33.86338182127454
              ],
              [
                113.7076284577958,
                33.863384792051306
              ],
              [
                113.70762489665461,
                33.86338806979836
              ],
              [
                113.70762173778176,
                33.863391622949216
              ],
              [
                113.70761901159898,
                33.86339541728508
              ],
              [
                113.70761674436085,
                33.86339941626443
              ],
              [
                113.70761495790215,
                33.863403581374904
              ],
              [
                113.70761366942745,
                33.86340787250421
              ],
              [
                113.70761289134543,
                33.863412248326426
              ],
              [
                113.70761263114949,
                33.8634166667
              ],
              [
                113.70761263114949,
                33.86362158913952
              ],
              [
                113.7075833333,
                33.86362158913952
              ],
              [
                113.70757803688986,
                33.86362180620029
              ],
              [
                113.70757279148704,
                33.86362245529221
              ],
              [
                113.70756764760765,
                33.86362353016414
              ],
              [
                113.70756265479005,
                33.8636250204645
              ],
              [
                113.7075578611178,
                33.86362691184087
              ],
              [
                113.7075533127566,
                33.86362918607826
              ],
              [
                113.70754905350964,
                33.86363182127454
              ],
              [
                113.70754512439579,
                33.86363479205131
              ],
              [
                113.70754166665,
                33.863637974631125
              ],
              [
                113.7075382089042,
                33.86363479205131
              ],
              [
                113.70753427979035,
                33.86363182127454
              ],
              [
                113.70753002054339,
                33.86362918607826
              ],
              [
                113.70752547218218,
                33.86362691184087
              ],
              [
                113.70752067850994,
                33.8636250204645
              ],
              [
                113.70751568569234,
                33.86362353016414
              ],
              [
                113.70751054181295,
                33.86362245529221
              ],
              [
                113.70750529641013,
                33.86362180620029
              ],
              [
                113.7075,
                33.86362158913952
              ],
              [
                113.70747070225052,
                33.86362158913952
              ],
              [
                113.70747070225052,
                33.8635833333
              ],
              [
                113.70747044205457,
                33.86357891492643
              ],
              [
                113.70746966397256,
                33.863574539104214
              ],
              [
                113.70746837549785,
                33.863570247974906
              ],
              [
                113.70746658903916,
                33.86356608286443
              ],
              [
                113.70746432180103,
                33.863562083885085
              ],
              [
                113.70746159561824,
                33.86355828954922
              ],
              [
                113.7074584367454,
                33.86355473639836
              ],
              [
                113.7074548756042,
                33.86355145865131
              ],
              [
                113.70745094649035,
                33.86354848787454
              ],
              [
                113.70744668724339,
                33.863545852678264
              ],
              [
                113.70744213888219,
                33.86354357844087
              ],
              [
                113.70743734520994,
                33.8635416870645
              ],
              [
                113.70743235239235,
                33.86354019676414
              ],
              [
                113.70742720851295,
                33.86353912189221
              ],
              [
                113.70742196311014,
                33.86353847280029
              ],
              [
                113.7074166667,
                33.86353825573952
              ],
              [
                113.70738736885052,
                33.86353825573952
              ],
              [
                113.70738736885052,
                33.8631666667
              ],
              [
                113.70738710865457,
                33.86316224832643
              ],
              [
                113.70738633057256,
                33.86315787250422
              ],
              [
                113.70738504209785,
                33.86315358137491
              ],
              [
                113.70738325563916,
                33.863149416264434
              ],
              [
                113.70738098840103,
                33.86314541728509
              ],
              [
                113.70737826221824,
                33.86314162294922
              ],
              [
                113.7073751033454,
                33.86313806979837
              ],
              [
                113.7073715422042,
                33.86313479205131
              ],
              [
                113.70736761309036,
                33.86313182127454
              ],
              [
                113.70736335384339,
                33.86312918607827
              ],
              [
                113.70735880548219,
                33.86312691184087
              ],
              [
                113.70735401180994,
                33.8631250204645
              ],
              [
                113.70734901899235,
                33.863123530164145
              ],
              [
                113.70734387511295,
                33.86312245529221
              ],
              [
                113.70733862971014,
                33.8631218062003
              ],
              [
                113.7073333333,
                33.863121589139524
              ],
              [
                113.70730403555052,
                33.863121589139524
              ],
              [
                113.70730403555052,
                33.86279507756048
              ],
              [
                113.7073333333,
                33.86279507756048
              ],
              [
                113.70733862971014,
                33.862794860499704
              ],
              [
                113.70734387511295,
                33.86279421140779
              ],
              [
                113.70734901899235,
                33.862793136535856
              ],
              [
                113.70735401180994,
                33.8627916462355
              ],
              [
                113.70735880548219,
                33.86278975485913
              ],
              [
                113.70736335384339,
                33.86278748062173
              ],
              [
                113.70736761309036,
                33.86278484542546
              ],
              [
                113.7073715422042,
                33.86278187464869
              ],
              [
                113.7073751033454,
                33.862778596901634
              ],
              [
                113.70737826221824,
                33.86277504375078
              ],
              [
                113.70738098840103,
                33.86277124941491
              ],
              [
                113.70738325563916,
                33.86276725043557
              ],
              [
                113.70738504209785,
                33.86276308532509
              ],
              [
                113.70738633057256,
                33.862758794195784
              ],
              [
                113.70738710865457,
                33.86275441837357
              ],
              [
                113.70738736885052,
                33.86275
              ],
              [
                113.70738736885052,
                33.86271174426048
              ],
              [
                113.7074166667,
                33.86271174426048
              ],
              [
                113.70742196311014,
                33.86271152719971
              ],
              [
                113.70742720851295,
                33.86271087810779
              ],
              [
                113.70743235239235,
                33.86270980323586
              ],
              [
                113.70743734520994,
                33.8627083129355
              ],
              [
                113.70744213888219,
                33.86270642155913
              ],
              [
                113.70744668724339,
                33.862704147321736
              ],
              [
                113.70745094649035,
                33.86270151212546
              ],
              [
                113.7074548756042,
                33.86269854134869
              ],
              [
                113.7074584367454,
                33.86269526360164
              ],
              [
                113.70746159561824,
                33.86269171045078
              ],
              [
                113.70746432180103,
                33.862687916114915
              ],
              [
                113.70746658903916,
                33.86268391713557
              ],
              [
                113.70746837549785,
                33.862679752025095
              ],
              [
                113.70746966397256,
                33.86267546089579
              ],
              [
                113.70747044205457,
                33.86267108507357
              ],
              [
                113.70747070225052,
                33.8626666667
              ],
              [
                113.70747070225052,
                33.86241203806988
              ],
              [
                113.70743333333334,
                33.86241388888889
              ],
              [
                113.7074166667,
                33.86241650326274
              ],
              [
                113.7074166667,
                33.8624166667
              ]
            ]
          ],
          [
            [
              [
                113.7074166667,
                33.8643333333
              ],
              [
                113.7074166667,
                33.86425
              ],
              [
                113.7075,
                33.86425
              ],
              [
                113.7075,
                33.8641666667
              ],
              [
                113.7075833333,
                33.8641666667
              ],
              [
                113.7075833333,
                33.86425
              ],
              [
                113.7075833333,
                33.8643333333
              ],
              [
                113.7075833333,
                33.8644166667
              ],
              [
                113.7075833333,
                33.8644537230559
              ],
              [
                113.70758776306857,
                33.8645
              ],
              [
                113.7076666667,
                33.8645
              ],
              [
                113.7076666667,
                33.8645833333
              ],
              [
                113.7076666667,
                33.8646666667
              ],
              [
                113.70775,
                33.8646666667
              ],
              [
                113.70775,
                33.86475
              ],
              [
                113.7076666667,
                33.86475
              ],
              [
                113.70761169382214,
                33.86475
              ],
              [
                113.70762262635472,
                33.864864210074415
              ],
              [
                113.70762510334539,
                33.864861930201634
              ],
              [
                113.70762826221824,
                33.86485837705078
              ],
              [
                113.70763098840102,
                33.86485458271491
              ],
              [
                113.70763325563915,
                33.86485058373557
              ],
              [
                113.70763504209785,
                33.86484641862509
              ],
              [
                113.70763633057256,
                33.864842127495784
              ],
              [
                113.70763710865457,
                33.86483775167357
              ],
              [
                113.70763736885051,
                33.8648333333
              ],
              [
                113.70763736885051,
                33.86479507756048
              ],
              [
                113.70775,
                33.86479507756048
              ],
              [
                113.70775529641014,
                33.86479486049971
              ],
              [
                113.70776054181296,
                33.86479421140779
              ],
              [
                113.70776568569235,
                33.86479313653586
              ],
              [
                113.70777067850995,
                33.8647916462355
              ],
              [
                113.70777547218219,
                33.86478975485913
              ],
              [
                113.7077800205434,
                33.864787480621736
              ],
              [
                113.70778427979036,
                33.86478484542546
              ],
              [
                113.7077882089042,
                33.86478187464869
              ],
              [
                113.7077917700454,
                33.86477859690164
              ],
              [
                113.70779492891825,
                33.86477504375078
              ],
              [
                113.70779765510103,
                33.864771249414915
              ],
              [
                113.70779992233916,
                33.86476725043557
              ],
              [
                113.70780170879786,
                33.864763085325094
              ],
              [
                113.70780299727257,
                33.86475879419579
              ],
              [
                113.70780377535458,
                33.86475441837357
              ],
              [
                113.70780403555052,
                33.86475
              ],
              [
                113.70780403555052,
                33.8646666667
              ],
              [
                113.70780377535458,
                33.86466224832643
              ],
              [
                113.70780299727257,
                33.86465787250422
              ],
              [
                113.70780170879786,
                33.86465358137491
              ],
              [
                113.70779992233916,
                33.864649416264434
              ],
              [
                113.70779765510103,
                33.86464541728509
              ],
              [
                113.70779492891825,
                33.86464162294922
              ],
              [
                113.7077917700454,
                33.86463806979837
              ],
              [
                113.7077882089042,
                33.86463479205131
              ],
              [
                113.70778427979036,
                33.86463182127454
              ],
              [
                113.7077800205434,
                33.86462918607827
              ],
              [
                113.70777547218219,
                33.86462691184087
              ],
              [
                113.70777067850995,
                33.8646250204645
              ],
              [
                113.70776568569235,
                33.864623530164145
              ],
              [
                113.70776054181296,
                33.86462245529221
              ],
              [
                113.70775529641014,
                33.8646218062003
              ],
              [
                113.70775,
                33.864621589139524
              ],
              [
                113.70772070225053,
                33.864621589139524
              ],
              [
                113.70772070225053,
                33.8645
              ],
              [
                113.70772044205458,
                33.86449558162643
              ],
              [
                113.70771966397257,
                33.864491205804214
              ],
              [
                113.70771837549786,
                33.864486914674906
              ],
              [
                113.70771658903917,
                33.86448274956443
              ],
              [
                113.70771432180103,
                33.864478750585086
              ],
              [
                113.70771159561825,
                33.86447495624922
              ],
              [
                113.7077084367454,
                33.864471403098364
              ],
              [
                113.70770487560421,
                33.86446812535131
              ],
              [
                113.70770094649036,
                33.86446515457454
              ],
              [
                113.7076966872434,
                33.864462519378264
              ],
              [
                113.7076921388822,
                33.86446024514087
              ],
              [
                113.70768734520995,
                33.8644583537645
              ],
              [
                113.70768235239235,
                33.86445686346414
              ],
              [
                113.70767720851296,
                33.86445578859221
              ],
              [
                113.70767196311014,
                33.86445513950029
              ],
              [
                113.7076666667,
                33.86445492243952
              ],
              [
                113.70763736885051,
                33.86445492243952
              ],
              [
                113.70763736885051,
                33.8641666667
              ],
              [
                113.70763710865457,
                33.86416224832643
              ],
              [
                113.70763633057256,
                33.864157872504215
              ],
              [
                113.70763504209785,
                33.86415358137491
              ],
              [
                113.70763325563915,
                33.86414941626443
              ],
              [
                113.70763098840102,
                33.86414541728509
              ],
              [
                113.70762826221824,
                33.86414162294922
              ],
              [
                113.70762510334539,
                33.864138069798365
              ],
              [
                113.7076215422042,
                33.86413479205131
              ],
              [
                113.70761761309035,
                33.86413182127454
              ],
              [
                113.70761335384339,
                33.864129186078266
              ],
              [
                113.70760880548218,
                33.86412691184087
              ],
              [
                113.70760401180993,
                33.8641250204645
              ],
              [
                113.70759901899234,
                33.86412353016414
              ],
              [
                113.70759387511295,
                33.86412245529221
              ],
              [
                113.70758862971013,
                33.864121806200295
              ],
              [
                113.7075833333,
                33.86412158913952
              ],
              [
                113.7075,
                33.86412158913952
              ],
              [
                113.70749470358986,
                33.864121806200295
              ],
              [
                113.70748945818704,
                33.86412245529221
              ],
              [
                113.70748431430765,
                33.86412353016414
              ],
              [
                113.70747932149006,
                33.8641250204645
              ],
              [
                113.70747452781781,
                33.86412691184087
              ],
              [
                113.7074699794566,
                33.864129186078266
              ],
              [
                113.70746572020964,
                33.86413182127454
              ],
              [
                113.7074617910958,
                33.86413479205131
              ],
              [
                113.7074582299546,
                33.864138069798365
              ],
              [
                113.70745507108175,
                33.86414162294922
              ],
              [
                113.70745234489897,
                33.86414541728509
              ],
              [
                113.70745007766084,
                33.86414941626443
              ],
              [
                113.70744829120214,
                33.86415358137491
              ],
              [
                113.70744700272743,
                33.864157872504215
              ],
              [
                113.70744622464542,
                33.86416224832643
              ],
              [
                113.70744596444948,
                33.8641666667
              ],
              [
                113.70744596444948,
                33.86420492243952
              ],
              [
                113.7074166667,
                33.86420492243952
              ],
              [
                113.70741137028986,
                33.86420513950029
              ],
              [
                113.70740612488704,
                33.86420578859221
              ],
              [
                113.70740098100765,
                33.86420686346414
              ],
              [
                113.70739598819006,
                33.8642083537645
              ],
              [
                113.70739119451781,
                33.86421024514087
              ],
              [
                113.7073866461566,
                33.86421251937826
              ],
              [
                113.70738238690964,
                33.86421515457454
              ],
              [
                113.7073784577958,
                33.86421812535131
              ],
              [
                113.7073748966546,
                33.86422140309836
              ],
              [
                113.70737173778176,
                33.86422495624922
              ],
              [
                113.70736901159897,
                33.864228750585085
              ],
              [
                113.70736674436084,
                33.86423274956443
              ],
              [
                113.70736495790214,
                33.864236914674905
              ],
              [
                113.70736366942744,
                33.86424120580421
              ],
              [
                113.70736289134543,
                33.86424558162643
              ],
              [
                113.70736263114948,
                33.86425
              ],
              [
                113.70736263114948,
                33.86433977911913
              ],
              [
                113.7074166667,
                33.864344216344996
              ],
              [
                113.7074166667,
                33.8643333333
              ]
            ]
          ],
          [
            [
              [
                113.70775,
                33.8655833333
              ],
              [
                113.7078333333,
                33.8655833333
              ],
              [
                113.7079166667,
                33.8655833333
              ],
              [
                113.708,
                33.8655833333
              ],
              [
                113.7080833333,
                33.8655833333
              ],
              [
                113.7080833333,
                33.8656666667
              ],
              [
                113.7081666667,
                33.8656666667
              ],
              [
                113.70825,
                33.8656666667
              ],
              [
                113.7083333333,
                33.8656666667
              ],
              [
                113.7084166667,
                33.8656666667
              ],
              [
                113.7085,
                33.8656666667
              ],
              [
                113.7085833333,
                33.8656666667
              ],
              [
                113.7086666667,
                33.8656666667
              ],
              [
                113.70875,
                33.8656666667
              ],
              [
                113.7088333333,
                33.8656666667
              ],
              [
                113.7089166667,
                33.8656666667
              ],
              [
                113.7089166667,
                33.8655833333
              ],
              [
                113.709,
                33.8655833333
              ],
              [
                113.7090833333,
                33.8655833333
              ],
              [
                113.7091666667,
                33.8655833333
              ],
              [
                113.70925,
                33.8655833333
              ],
              [
                113.70925,
                33.8655
              ],
              [
                113.7093333333,
                33.8655
              ],
              [
                113.7094166667,
                33.8655
              ],
              [
                113.7095,
                33.8655
              ],
              [
                113.7095833333,
                33.8655
              ],
              [
                113.7096666667,
                33.8655
              ],
              [
                113.7096666667,
                33.8654166667
              ],
              [
                113.70975,
                33.8654166667
              ],
              [
                113.7098333333,
                33.8654166667
              ],
              [
                113.7098333333,
                33.8653333333
              ],
              [
                113.7099166667,
                33.8653333333
              ],
              [
                113.7099166667,
                33.86525
              ],
              [
                113.7098333333,
                33.86525
              ],
              [
                113.7098333333,
                33.8651666667
              ],
              [
                113.7098333333,
                33.8650833333
              ],
              [
                113.70975,
                33.8650833333
              ],
              [
                113.70975,
                33.865
              ],
              [
                113.70975,
                33.8649166667
              ],
              [
                113.70975,
                33.8648333333
              ],
              [
                113.70975,
                33.86475
              ],
              [
                113.70975,
                33.8646666667
              ],
              [
                113.70975,
                33.8645833333
              ],
              [
                113.70975,
                33.8645
              ],
              [
                113.70975,
                33.8644166667
              ],
              [
                113.70975,
                33.8643333333
              ],
              [
                113.70975,
                33.86425
              ],
              [
                113.70975,
                33.8641666667
              ],
              [
                113.70975,
                33.8640833333
              ],
              [
                113.70975,
                33.864
              ],
              [
                113.70975,
                33.8639166667
              ],
              [
                113.7098333333,
                33.8639166667
              ],
              [
                113.7098333333,
                33.8638333333
              ],
              [
                113.7098333333,
                33.86375
              ],
              [
                113.7098333333,
                33.8636666667
              ],
              [
                113.7098333333,
                33.8635833333
              ],
              [
                113.7098333333,
                33.8635
              ],
              [
                113.7098333333,
                33.8634166667
              ],
              [
                113.70975,
                33.8634166667
              ],
              [
                113.70975,
                33.8633333333
              ],
              [
                113.70975,
                33.86325
              ],
              [
                113.70975,
                33.8631666667
              ],
              [
                113.70975,
                33.8630833333
              ],
              [
                113.70975,
                33.863
              ],
              [
                113.70975,
                33.8629166667
              ],
              [
                113.70975,
                33.8628333333
              ],
              [
                113.7096666667,
                33.8628333333
              ],
              [
                113.7096666667,
                33.86275
              ],
              [
                113.7095833333,
                33.86275
              ],
              [
                113.7095833333,
                33.8626666667
              ],
              [
                113.7095833333,
                33.8625833333
              ],
              [
                113.7095,
                33.8625833333
              ],
              [
                113.7095,
                33.8625
              ],
              [
                113.7095,
                33.8624166667
              ],
              [
                113.7094166667,
                33.8624166667
              ],
              [
                113.7094166667,
                33.8623333333
              ],
              [
                113.7093333333,
                33.8623333333
              ],
              [
                113.70925,
                33.8623333333
              ],
              [
                113.7091666667,
                33.8623333333
              ],
              [
                113.7091666667,
                33.86225
              ],
              [
                113.7090833333,
                33.86225
              ],
              [
                113.709,
                33.86225
              ],
              [
                113.709,
                33.8621666667
              ],
              [
                113.7089166667,
                33.8621666667
              ],
              [
                113.7088333333,
                33.8621666667
              ],
              [
                113.7088333333,
                33.8620833333
              ],
              [
                113.70875,
                33.8620833333
              ],
              [
                113.70875,
                33.862
              ],
              [
                113.7086666667,
                33.862
              ],
              [
                113.7085833333,
                33.862
              ],
              [
                113.70857531692766,
                33.862
              ],
              [
                113.70857985493711,
                33.86204507756048
              ],
              [
                113.70869596444948,
                33.86204507756048
              ],
              [
                113.70869596444948,
                33.8620833333
              ],
              [
                113.70869622464542,
                33.86208775167357
              ],
              [
                113.70869700272743,
                33.862092127495785
              ],
              [
                113.70869829120214,
                33.86209641862509
              ],
              [
                113.70870007766084,
                33.86210058373557
              ],
              [
                113.70870234489897,
                33.86210458271491
              ],
              [
                113.70870507108175,
                33.86210837705078
              ],
              [
                113.7087082299546,
                33.862111930201635
              ],
              [
                113.7087117910958,
                33.86211520794869
              ],
              [
                113.70871572020964,
                33.86211817872546
              ],
              [
                113.7087199794566,
                33.862120813921734
              ],
              [
                113.70872452781781,
                33.86212308815913
              ],
              [
                113.70872932149005,
                33.8621249795355
              ],
              [
                113.70873431430765,
                33.86212646983586
              ],
              [
                113.70873945818704,
                33.86212754470779
              ],
              [
                113.70874470358986,
                33.862128193799705
              ],
              [
                113.70875,
                33.86212841086048
              ],
              [
                113.70877929774949,
                33.86212841086048
              ],
              [
                113.70877929774949,
                33.8621666667
              ],
              [
                113.70877955794543,
                33.86217108507357
              ],
              [
                113.70878033602744,
                33.862175460895784
              ],
              [
                113.70878162450215,
                33.86217975202509
              ],
              [
                113.70878341096085,
                33.86218391713557
              ],
              [
                113.70878567819898,
                33.86218791611491
              ],
              [
                113.70878840438176,
                33.86219171045078
              ],
              [
                113.70879156325461,
                33.862195263601635
              ],
              [
                113.7087951243958,
                33.86219854134869
              ],
              [
                113.70879905350965,
                33.86220151212546
              ],
              [
                113.70880331275661,
                33.862204147321734
              ],
              [
                113.70880786111782,
                33.86220642155913
              ],
              [
                113.70881265479007,
                33.8622083129355
              ],
              [
                113.70881764760766,
                33.86220980323586
              ],
              [
                113.70882279148705,
                33.86221087810779
              ],
              [
                113.70882803688987,
                33.862211527199705
              ],
              [
                113.7088333333,
                33.86221174426048
              ],
              [
                113.70894596444948,
                33.86221174426048
              ],
              [
                113.70894596444948,
                33.86225
              ],
              [
                113.70894622464543,
                33.862254418373574
              ],
              [
                113.70894700272744,
                33.86225879419579
              ],
              [
                113.70894829120215,
                33.8622630853251
              ],
              [
                113.70895007766084,
                33.86226725043557
              ],
              [
                113.70895234489898,
                33.86227124941492
              ],
              [
                113.70895507108176,
                33.862275043750785
              ],
              [
                113.7089582299546,
                33.86227859690164
              ],
              [
                113.7089617910958,
                33.862281874648694
              ],
              [
                113.70896572020965,
                33.862284845425464
              ],
              [
                113.70896997945661,
                33.86228748062174
              ],
              [
                113.70897452781782,
                33.862289754859134
              ],
              [
                113.70897932149006,
                33.862291646235505
              ],
              [
                113.70898431430766,
                33.86229313653586
              ],
              [
                113.70898945818705,
                33.86229421140779
              ],
              [
                113.70899470358987,
                33.86229486049971
              ],
              [
                113.709,
                33.86229507756048
              ],
              [
                113.70911263114948,
                33.86229507756048
              ],
              [
                113.70911263114948,
                33.8623333333
              ],
              [
                113.70911289134543,
                33.86233775167357
              ],
              [
                113.70911366942744,
                33.862342127495786
              ],
              [
                113.70911495790214,
                33.862346418625094
              ],
              [
                113.70911674436084,
                33.86235058373557
              ],
              [
                113.70911901159897,
                33.862354582714914
              ],
              [
                113.70912173778176,
                33.86235837705078
              ],
              [
                113.7091248966546,
                33.86236193020164
              ],
              [
                113.7091284577958,
                33.86236520794869
              ],
              [
                113.70913238690964,
                33.86236817872546
              ],
              [
                113.70913664615661,
                33.862370813921736
              ],
              [
                113.70914119451781,
                33.86237308815913
              ],
              [
                113.70914598819006,
                33.8623749795355
              ],
              [
                113.70915098100765,
                33.86237646983586
              ],
              [
                113.70915612488704,
                33.86237754470779
              ],
              [
                113.70916137028986,
                33.86237819379971
              ],
              [
                113.7091666667,
                33.86237841086048
              ],
              [
                113.70936263114947,
                33.86237841086048
              ],
              [
                113.70936263114947,
                33.8624166667
              ],
              [
                113.70936289134542,
                33.86242108507357
              ],
              [
                113.70936366942743,
                33.862425460895786
              ],
              [
                113.70936495790214,
                33.86242975202509
              ],
              [
                113.70936674436084,
                33.86243391713557
              ],
              [
                113.70936901159897,
                33.862437916114914
              ],
              [
                113.70937173778175,
                33.86244171045078
              ],
              [
                113.7093748966546,
                33.862445263601636
              ],
              [
                113.7093784577958,
                33.86244854134869
              ],
              [
                113.70938238690964,
                33.86245151212546
              ],
              [
                113.7093866461566,
                33.862454147321735
              ],
              [
                113.7093911945178,
                33.86245642155913
              ],
              [
                113.70939598819005,
                33.8624583129355
              ],
              [
                113.70940098100765,
                33.86245980323586
              ],
              [
                113.70940612488704,
                33.86246087810779
              ],
              [
                113.70941137028986,
                33.862461527199706
              ],
              [
                113.7094166667,
                33.86246174426048
              ],
              [
                113.70944596444949,
                33.86246174426048
              ],
              [
                113.70944596444949,
                33.8625833333
              ],
              [
                113.70944622464543,
                33.86258775167357
              ],
              [
                113.70944700272744,
                33.86259212749579
              ],
              [
                113.70944829120215,
                33.862596418625095
              ],
              [
                113.70945007766085,
                33.86260058373557
              ],
              [
                113.70945234489898,
                33.862604582714916
              ],
              [
                113.70945507108176,
                33.86260837705078
              ],
              [
                113.7094582299546,
                33.86261193020164
              ],
              [
                113.7094617910958,
                33.86261520794869
              ],
              [
                113.70946572020965,
                33.86261817872546
              ],
              [
                113.70946997945661,
                33.86262081392174
              ],
              [
                113.70947452781782,
                33.86262308815913
              ],
              [
                113.70947932149006,
                33.862624979535504
              ],
              [
                113.70948431430766,
                33.86262646983586
              ],
              [
                113.70948945818705,
                33.86262754470779
              ],
              [
                113.70949470358987,
                33.86262819379971
              ],
              [
                113.7095,
                33.86262841086048
              ],
              [
                113.70952929774948,
                33.86262841086048
              ],
              [
                113.70952929774948,
                33.86275
              ],
              [
                113.70952955794543,
                33.86275441837357
              ],
              [
                113.70953033602744,
                33.862758794195784
              ],
              [
                113.70953162450215,
                33.86276308532509
              ],
              [
                113.70953341096084,
                33.86276725043557
              ],
              [
                113.70953567819898,
                33.86277124941491
              ],
              [
                113.70953840438176,
                33.86277504375078
              ],
              [
                113.7095415632546,
                33.862778596901634
              ],
              [
                113.7095451243958,
                33.86278187464869
              ],
              [
                113.70954905350965,
                33.86278484542546
              ],
              [
                113.70955331275661,
                33.86278748062173
              ],
              [
                113.70955786111782,
                33.86278975485913
              ],
              [
                113.70956265479006,
                33.8627916462355
              ],
              [
                113.70956764760766,
                33.862793136535856
              ],
              [
                113.70957279148705,
                33.86279421140779
              ],
              [
                113.70957803688987,
                33.862794860499704
              ],
              [
                113.7095833333,
                33.86279507756048
              ],
              [
                113.70961263114948,
                33.86279507756048
              ],
              [
                113.70961263114948,
                33.8628333333
              ],
              [
                113.70961289134543,
                33.862837751673574
              ],
              [
                113.70961366942744,
                33.86284212749579
              ],
              [
                113.70961495790215,
                33.8628464186251
              ],
              [
                113.70961674436084,
                33.86285058373557
              ],
              [
                113.70961901159897,
                33.86285458271492
              ],
              [
                113.70962173778176,
                33.862858377050784
              ],
              [
                113.7096248966546,
                33.86286193020164
              ],
              [
                113.7096284577958,
                33.862865207948694
              ],
              [
                113.70963238690965,
                33.86286817872546
              ],
              [
                113.70963664615661,
                33.86287081392174
              ],
              [
                113.70964119451781,
                33.862873088159134
              ],
              [
                113.70964598819006,
                33.862874979535505
              ],
              [
                113.70965098100766,
                33.86287646983586
              ],
              [
                113.70965612488705,
                33.86287754470779
              ],
              [
                113.70966137028987,
                33.86287819379971
              ],
              [
                113.7096666667,
                33.86287841086048
              ],
              [
                113.70969596444948,
                33.86287841086048
              ],
              [
                113.70969596444948,
                33.8634166667
              ],
              [
                113.70969622464543,
                33.86342108507357
              ],
              [
                113.70969700272744,
                33.86342546089578
              ],
              [
                113.70969829120214,
                33.86342975202509
              ],
              [
                113.70970007766084,
                33.863433917135566
              ],
              [
                113.70970234489897,
                33.86343791611491
              ],
              [
                113.70970507108176,
                33.86344171045078
              ],
              [
                113.7097082299546,
                33.86344526360163
              ],
              [
                113.7097117910958,
                33.86344854134869
              ],
              [
                113.70971572020964,
                33.86345151212546
              ],
              [
                113.70971997945661,
                33.86345414732173
              ],
              [
                113.70972452781781,
                33.86345642155913
              ],
              [
                113.70972932149006,
                33.8634583129355
              ],
              [
                113.70973431430765,
                33.863459803235855
              ],
              [
                113.70973945818704,
                33.86346087810779
              ],
              [
                113.70974470358986,
                33.8634615271997
              ],
              [
                113.70975,
                33.863461744260476
              ],
              [
                113.70977929774948,
                33.863461744260476
              ],
              [
                113.70977929774948,
                33.86387158913952
              ],
              [
                113.70975,
                33.86387158913952
              ],
              [
                113.70974470358986,
                33.863871806200294
              ],
              [
                113.70973945818704,
                33.86387245529221
              ],
              [
                113.70973431430765,
                33.86387353016414
              ],
              [
                113.70972932149006,
                33.8638750204645
              ],
              [
                113.70972452781781,
                33.86387691184087
              ],
              [
                113.70971997945661,
                33.863879186078265
              ],
              [
                113.70971572020964,
                33.86388182127454
              ],
              [
                113.7097117910958,
                33.86388479205131
              ],
              [
                113.7097082299546,
                33.863888069798364
              ],
              [
                113.70970507108176,
                33.86389162294922
              ],
              [
                113.70970234489897,
                33.863895417285086
              ],
              [
                113.70970007766084,
                33.86389941626443
              ],
              [
                113.70969829120214,
                33.863903581374906
              ],
              [
                113.70969700272744,
                33.863907872504214
              ],
              [
                113.70969622464543,
                33.86391224832643
              ],
              [
                113.70969596444948,
                33.8639166667
              ],
              [
                113.70969596444948,
                33.8650833333
              ],
              [
                113.70969622464543,
                33.86508775167357
              ],
              [
                113.70969700272744,
                33.865092127495785
              ],
              [
                113.70969829120214,
                33.86509641862509
              ],
              [
                113.70970007766084,
                33.86510058373557
              ],
              [
                113.70970234489897,
                33.86510458271491
              ],
              [
                113.70970507108176,
                33.86510837705078
              ],
              [
                113.7097082299546,
                33.865111930201635
              ],
              [
                113.7097117910958,
                33.86511520794869
              ],
              [
                113.70971572020964,
                33.86511817872546
              ],
              [
                113.70971997945661,
                33.865120813921735
              ],
              [
                113.70972452781781,
                33.86512308815913
              ],
              [
                113.70972932149006,
                33.8651249795355
              ],
              [
                113.70973431430765,
                33.86512646983586
              ],
              [
                113.70973945818704,
                33.86512754470779
              ],
              [
                113.70974470358986,
                33.865128193799706
              ],
              [
                113.70975,
                33.86512841086048
              ],
              [
                113.70977929774948,
                33.86512841086048
              ],
              [
                113.70977929774948,
                33.86525
              ],
              [
                113.70977955794542,
                33.865254418373574
              ],
              [
                113.70978033602744,
                33.86525879419579
              ],
              [
                113.70978162450214,
                33.8652630853251
              ],
              [
                113.70978341096084,
                33.86526725043557
              ],
              [
                113.70978567819897,
                33.86527124941492
              ],
              [
                113.70978840438175,
                33.865275043750785
              ],
              [
                113.7097915632546,
                33.86527859690164
              ],
              [
                113.7097951243958,
                33.865281874648694
              ],
              [
                113.70979905350964,
                33.865284845425464
              ],
              [
                113.7098033127566,
                33.86528748062174
              ],
              [
                113.70980786111781,
                33.865289754859134
              ],
              [
                113.70981265479006,
                33.865291646235505
              ],
              [
                113.70981272318289,
                33.86529166665
              ],
              [
                113.70981265479006,
                33.8652916870645
              ],
              [
                113.70980786111781,
                33.86529357844087
              ],
              [
                113.7098033127566,
                33.865295852678265
              ],
              [
                113.70979905350964,
                33.86529848787454
              ],
              [
                113.7097951243958,
                33.86530145865131
              ],
              [
                113.7097915632546,
                33.865304736398365
              ],
              [
                113.70978840438175,
                33.86530828954922
              ],
              [
                113.70978567819897,
                33.86531208388509
              ],
              [
                113.70978341096084,
                33.86531608286443
              ],
              [
                113.70978162450214,
                33.86532024797491
              ],
              [
                113.70978033602744,
                33.865324539104215
              ],
              [
                113.70977955794542,
                33.86532891492643
              ],
              [
                113.70977929774948,
                33.8653333333
              ],
              [
                113.70977929774948,
                33.86537158913952
              ],
              [
                113.7096666667,
                33.86537158913952
              ],
              [
                113.70966137028987,
                33.865371806200294
              ],
              [
                113.70965612488705,
                33.86537245529221
              ],
              [
                113.70965098100766,
                33.86537353016414
              ],
              [
                113.70964598819006,
                33.8653750204645
              ],
              [
                113.70964119451781,
                33.86537691184087
              ],
              [
                113.70963664615661,
                33.865379186078265
              ],
              [
                113.70963238690965,
                33.86538182127454
              ],
              [
                113.7096284577958,
                33.86538479205131
              ],
              [
                113.7096248966546,
                33.865388069798364
              ],
              [
                113.70962173778176,
                33.86539162294922
              ],
              [
                113.70961901159897,
                33.865395417285086
              ],
              [
                113.70961674436084,
                33.86539941626443
              ],
              [
                113.70961495790215,
                33.865403581374906
              ],
              [
                113.70961366942744,
                33.865407872504214
              ],
              [
                113.70961289134543,
                33.86541224832643
              ],
              [
                113.70961263114948,
                33.8654166667
              ],
              [
                113.70961263114948,
                33.86545492243952
              ],
              [
                113.70925,
                33.86545492243952
              ],
              [
                113.70924470358986,
                33.86545513950029
              ],
              [
                113.70923945818704,
                33.86545578859221
              ],
              [
                113.70923431430765,
                33.86545686346414
              ],
              [
                113.70922932149006,
                33.865458353764495
              ],
              [
                113.70922452781781,
                33.865460245140866
              ],
              [
                113.7092199794566,
                33.86546251937826
              ],
              [
                113.70921572020964,
                33.86546515457454
              ],
              [
                113.7092117910958,
                33.865468125351306
              ],
              [
                113.7092082299546,
                33.86547140309836
              ],
              [
                113.70920507108175,
                33.865474956249216
              ],
              [
                113.70920234489897,
                33.86547875058508
              ],
              [
                113.70920007766084,
                33.86548274956443
              ],
              [
                113.70919829120214,
                33.865486914674904
              ],
              [
                113.70919700272744,
                33.86549120580421
              ],
              [
                113.70919622464542,
                33.865495581626426
              ],
              [
                113.70919596444948,
                33.8655
              ],
              [
                113.70919596444948,
                33.86553825573952
              ],
              [
                113.7089166667,
                33.86553825573952
              ],
              [
                113.70891137028987,
                33.865538472800296
              ],
              [
                113.70890612488705,
                33.86553912189221
              ],
              [
                113.70890098100766,
                33.865540196764144
              ],
              [
                113.70889598819006,
                33.8655416870645
              ],
              [
                113.70889119451782,
                33.86554357844087
              ],
              [
                113.70888664615661,
                33.86554585267827
              ],
              [
                113.70888238690965,
                33.86554848787454
              ],
              [
                113.7088784577958,
                33.86555145865131
              ],
              [
                113.7088748966546,
                33.865554736398366
              ],
              [
                113.70887173778176,
                33.86555828954922
              ],
              [
                113.70886901159898,
                33.86556208388509
              ],
              [
                113.70886674436085,
                33.86556608286443
              ],
              [
                113.70886495790215,
                33.86557024797491
              ],
              [
                113.70886366942744,
                33.865574539104216
              ],
              [
                113.70886289134543,
                33.86557891492643
              ],
              [
                113.70886263114949,
                33.8655833333
              ],
              [
                113.70886263114949,
                33.86562158913952
              ],
              [
                113.70813736885052,
                33.86562158913952
              ],
              [
                113.70813736885052,
                33.8655833333
              ],
              [
                113.70813710865457,
                33.86557891492643
              ],
              [
                113.70813633057256,
                33.865574539104216
              ],
              [
                113.70813504209785,
                33.86557024797491
              ],
              [
                113.70813325563915,
                33.86556608286443
              ],
              [
                113.70813098840102,
                33.86556208388509
              ],
              [
                113.70812826221824,
                33.86555828954922
              ],
              [
                113.7081251033454,
                33.865554736398366
              ],
              [
                113.7081215422042,
                33.86555145865131
              ],
              [
                113.70811761309035,
                33.86554848787454
              ],
              [
                113.70811335384339,
                33.86554585267827
              ],
              [
                113.70810880548218,
                33.86554357844087
              ],
              [
                113.70810401180994,
                33.8655416870645
              ],
              [
                113.70809901899234,
                33.865540196764144
              ],
              [
                113.70809387511295,
                33.86553912189221
              ],
              [
                113.70808862971013,
                33.865538472800296
              ],
              [
                113.7080833333,
                33.86553825573952
              ],
              [
                113.70772070225053,
                33.86553825573952
              ],
              [
                113.70772070225053,
                33.8654166667
              ],
              [
                113.70772044205458,
                33.86541224832643
              ],
              [
                113.70771966397257,
                33.865407872504214
              ],
              [
                113.70771837549786,
                33.865403581374906
              ],
              [
                113.70771658903917,
                33.86539941626443
              ],
              [
                113.70771432180103,
                33.865395417285086
              ],
              [
                113.70771159561825,
                33.86539162294922
              ],
              [
                113.7077084367454,
                33.865388069798364
              ],
              [
                113.70770487560421,
                33.86538479205131
              ],
              [
                113.70770094649036,
                33.86538182127454
              ],
              [
                113.7076966872434,
                33.865379186078265
              ],
              [
                113.7076921388822,
                33.86537691184087
              ],
              [
                113.70768734520995,
                33.8653750204645
              ],
              [
                113.70768235239235,
                33.86537353016414
              ],
              [
                113.70767720851296,
                33.86537245529221
              ],
              [
                113.70767196311014,
                33.865371806200294
              ],
              [
                113.70767121203949,
                33.865371775419455
              ],
              [
                113.7076914629975,
                33.8655833333
              ],
              [
                113.70775,
                33.8655833333
              ]
            ]
          ],
          [
            [
              [
                113.70729014102825,
                33.8624166667
              ],
              [
                113.70728360256149,
                33.8623333333
              ],
              [
                113.70725,
                33.8623333333
              ],
              [
                113.70725,
                33.8624166667
              ],
              [
                113.70729014102825,
                33.8624166667
              ]
            ]
          ],
          [
            [
              [
                113.7070833333,
                33.8619166667
              ],
              [
                113.707,
                33.8619166667
              ],
              [
                113.707,
                33.8618333333
              ],
              [
                113.7069166667,
                33.8618333333
              ],
              [
                113.7068333333,
                33.8618333333
              ],
              [
                113.70675,
                33.8618333333
              ],
              [
                113.70675,
                33.8619166667
              ],
              [
                113.70675,
                33.862
              ],
              [
                113.7066666667,
                33.862
              ],
              [
                113.7066666667,
                33.8620833333
              ],
              [
                113.7066666667,
                33.8621666667
              ],
              [
                113.70675,
                33.8621666667
              ],
              [
                113.7068333333,
                33.8621666667
              ],
              [
                113.7069166667,
                33.8621666667
              ],
              [
                113.7069166667,
                33.8620833333
              ],
              [
                113.707,
                33.8620833333
              ],
              [
                113.7070833333,
                33.8620833333
              ],
              [
                113.7070833333,
                33.862
              ],
              [
                113.7070833333,
                33.8619166667
              ]
            ],
            [
              [
                113.70691137028986,
                33.86203847280029
              ],
              [
                113.70690612488704,
                33.86203912189221
              ],
              [
                113.70690098100765,
                33.86204019676414
              ],
              [
                113.70689598819006,
                33.8620416870645
              ],
              [
                113.70689119451781,
                33.86204357844087
              ],
              [
                113.7068866461566,
                33.862045852678264
              ],
              [
                113.70688238690964,
                33.86204848787454
              ],
              [
                113.7068784577958,
                33.86205145865131
              ],
              [
                113.7068748966546,
                33.86205473639836
              ],
              [
                113.70687173778175,
                33.86205828954922
              ],
              [
                113.70686901159897,
                33.862062083885085
              ],
              [
                113.70686674436084,
                33.86206608286443
              ],
              [
                113.70686495790214,
                33.862070247974906
              ],
              [
                113.70686366942743,
                33.86207453910421
              ],
              [
                113.70686289134542,
                33.86207891492643
              ],
              [
                113.70686263114948,
                33.8620833333
              ],
              [
                113.70686263114948,
                33.86212158913952
              ],
              [
                113.70672070225052,
                33.86212158913952
              ],
              [
                113.70672070225052,
                33.86204507756048
              ],
              [
                113.70675,
                33.86204507756048
              ],
              [
                113.70675529641014,
                33.86204486049971
              ],
              [
                113.70676054181295,
                33.86204421140779
              ],
              [
                113.70676568569235,
                33.86204313653586
              ],
              [
                113.70677067850994,
                33.862041646235504
              ],
              [
                113.70677547218219,
                33.86203975485913
              ],
              [
                113.70678002054339,
                33.86203748062174
              ],
              [
                113.70678427979036,
                33.86203484542546
              ],
              [
                113.7067882089042,
                33.86203187464869
              ],
              [
                113.7067917700454,
                33.86202859690164
              ],
              [
                113.70679492891824,
                33.86202504375078
              ],
              [
                113.70679765510103,
                33.862021249414916
              ],
              [
                113.70679992233916,
                33.86201725043557
              ],
              [
                113.70680170879785,
                33.862013085325096
              ],
              [
                113.70680299727256,
                33.86200879419579
              ],
              [
                113.70680377535457,
                33.86200441837357
              ],
              [
                113.70680403555052,
                33.862
              ],
              [
                113.70680403555052,
                33.86187841086048
              ],
              [
                113.70694596444947,
                33.86187841086048
              ],
              [
                113.70694596444947,
                33.8619166667
              ],
              [
                113.70694622464542,
                33.86192108507357
              ],
              [
                113.70694700272743,
                33.86192546089578
              ],
              [
                113.70694829120214,
                33.86192975202509
              ],
              [
                113.70695007766084,
                33.861933917135566
              ],
              [
                113.70695234489897,
                33.86193791611491
              ],
              [
                113.70695507108175,
                33.86194171045078
              ],
              [
                113.7069582299546,
                33.86194526360163
              ],
              [
                113.7069617910958,
                33.86194854134869
              ],
              [
                113.70696572020964,
                33.86195151212546
              ],
              [
                113.7069699794566,
                33.86195414732173
              ],
              [
                113.7069745278178,
                33.86195642155913
              ],
              [
                113.70697932149005,
                33.8619583129355
              ],
              [
                113.70698431430765,
                33.861959803235855
              ],
              [
                113.70698945818704,
                33.86196087810779
              ],
              [
                113.70699470358986,
                33.8619615271997
              ],
              [
                113.707,
                33.861961744260476
              ],
              [
                113.70702929774949,
                33.861961744260476
              ],
              [
                113.70702929774949,
                33.86203825573952
              ],
              [
                113.7069166667,
                33.86203825573952
              ],
              [
                113.70691137028986,
                33.86203847280029
              ]
            ]
          ],
          [
            [
              [
                113.707,
                33.8614166667
              ],
              [
                113.707,
                33.8613333333
              ],
              [
                113.707,
                33.86125
              ],
              [
                113.707,
                33.8611666667
              ],
              [
                113.707,
                33.8610833333
              ],
              [
                113.7070833333,
                33.8610833333
              ],
              [
                113.7070833333,
                33.861
              ],
              [
                113.707,
                33.861
              ],
              [
                113.707,
                33.8609166667
              ],
              [
                113.7069166667,
                33.8609166667
              ],
              [
                113.7068333333,
                33.8609166667
              ],
              [
                113.7068333333,
                33.8608333333
              ],
              [
                113.70675,
                33.8608333333
              ],
              [
                113.7066666667,
                33.8608333333
              ],
              [
                113.7065833333,
                33.8608333333
              ],
              [
                113.7065,
                33.8608333333
              ],
              [
                113.7065,
                33.8609166667
              ],
              [
                113.7065,
                33.861
              ],
              [
                113.7065,
                33.8610833333
              ],
              [
                113.7065,
                33.8611666667
              ],
              [
                113.7065833333,
                33.8611666667
              ],
              [
                113.7065833333,
                33.86125
              ],
              [
                113.7066666667,
                33.86125
              ],
              [
                113.7066666667,
                33.8613333333
              ],
              [
                113.7066666667,
                33.8614166667
              ],
              [
                113.70675,
                33.8614166667
              ],
              [
                113.7068333333,
                33.8614166667
              ],
              [
                113.7069166667,
                33.8614166667
              ],
              [
                113.707,
                33.8614166667
              ]
            ],
            [
              [
                113.7069745278178,
                33.86104357844087
              ],
              [
                113.7069699794566,
                33.86104585267827
              ],
              [
                113.70696572020964,
                33.86104848787454
              ],
              [
                113.7069617910958,
                33.86105145865131
              ],
              [
                113.7069582299546,
                33.861054736398366
              ],
              [
                113.70695507108175,
                33.86105828954922
              ],
              [
                113.70695234489897,
                33.86106208388509
              ],
              [
                113.70695007766084,
                33.86106608286443
              ],
              [
                113.70694829120214,
                33.86107024797491
              ],
              [
                113.70694700272743,
                33.861074539104216
              ],
              [
                113.70694622464542,
                33.86107891492643
              ],
              [
                113.70694596444947,
                33.8610833333
              ],
              [
                113.70694596444947,
                33.86137158913952
              ],
              [
                113.70672070225052,
                33.86137158913952
              ],
              [
                113.70672070225052,
                33.86125
              ],
              [
                113.70672044205457,
                33.86124558162643
              ],
              [
                113.70671966397256,
                33.86124120580421
              ],
              [
                113.70671837549786,
                33.861236914674905
              ],
              [
                113.70671658903916,
                33.86123274956443
              ],
              [
                113.70671432180103,
                33.861228750585084
              ],
              [
                113.70671159561824,
                33.86122495624922
              ],
              [
                113.7067084367454,
                33.86122140309836
              ],
              [
                113.7067048756042,
                33.86121812535131
              ],
              [
                113.70670094649036,
                33.86121515457454
              ],
              [
                113.7066966872434,
                33.86121251937826
              ],
              [
                113.70669213888219,
                33.86121024514087
              ],
              [
                113.70668734520994,
                33.861208353764496
              ],
              [
                113.70668235239235,
                33.86120686346414
              ],
              [
                113.70667720851296,
                33.86120578859221
              ],
              [
                113.70667196311014,
                33.86120513950029
              ],
              [
                113.7066666667,
                33.86120492243952
              ],
              [
                113.70663736885052,
                33.86120492243952
              ],
              [
                113.70663736885052,
                33.8611666667
              ],
              [
                113.70663710865458,
                33.86116224832643
              ],
              [
                113.70663633057256,
                33.861157872504215
              ],
              [
                113.70663504209786,
                33.86115358137491
              ],
              [
                113.70663325563916,
                33.86114941626443
              ],
              [
                113.70663098840103,
                33.86114541728509
              ],
              [
                113.70662826221825,
                33.86114162294922
              ],
              [
                113.7066251033454,
                33.861138069798365
              ],
              [
                113.7066215422042,
                33.86113479205131
              ],
              [
                113.70661761309036,
                33.86113182127454
              ],
              [
                113.7066133538434,
                33.861129186078266
              ],
              [
                113.70660880548219,
                33.86112691184087
              ],
              [
                113.70660401180994,
                33.8611250204645
              ],
              [
                113.70659901899235,
                33.86112353016414
              ],
              [
                113.70659387511296,
                33.86112245529221
              ],
              [
                113.70658862971014,
                33.861121806200295
              ],
              [
                113.7065833333,
                33.86112158913952
              ],
              [
                113.70655403555052,
                33.86112158913952
              ],
              [
                113.70655403555052,
                33.86087841086048
              ],
              [
                113.70677929774948,
                33.86087841086048
              ],
              [
                113.70677929774948,
                33.8609166667
              ],
              [
                113.70677955794542,
                33.86092108507357
              ],
              [
                113.70678033602744,
                33.860925460895785
              ],
              [
                113.70678162450214,
                33.86092975202509
              ],
              [
                113.70678341096084,
                33.86093391713557
              ],
              [
                113.70678567819897,
                33.86093791611491
              ],
              [
                113.70678840438175,
                33.86094171045078
              ],
              [
                113.7067915632546,
                33.860945263601636
              ],
              [
                113.7067951243958,
                33.86094854134869
              ],
              [
                113.70679905350964,
                33.86095151212546
              ],
              [
                113.7068033127566,
                33.860954147321735
              ],
              [
                113.70680786111781,
                33.86095642155913
              ],
              [
                113.70681265479006,
                33.8609583129355
              ],
              [
                113.70681764760765,
                33.86095980323586
              ],
              [
                113.70682279148704,
                33.86096087810779
              ],
              [
                113.70682803688986,
                33.860961527199706
              ],
              [
                113.7068333333,
                33.86096174426048
              ],
              [
                113.70694596444947,
                33.86096174426048
              ],
              [
                113.70694596444947,
                33.861
              ],
              [
                113.70694622464542,
                33.86100441837357
              ],
              [
                113.70694700272743,
                33.86100879419578
              ],
              [
                113.70694829120214,
                33.86101308532509
              ],
              [
                113.70695007766084,
                33.861017250435566
              ],
              [
                113.70695234489897,
                33.86102124941491
              ],
              [
                113.70695507108175,
                33.86102504375078
              ],
              [
                113.7069582299546,
                33.86102859690163
              ],
              [
                113.7069617910958,
                33.86103187464869
              ],
              [
                113.70696572020964,
                33.86103484542546
              ],
              [
                113.7069699794566,
                33.86103748062173
              ],
              [
                113.7069745278178,
                33.86103975485913
              ],
              [
                113.70697932149005,
                33.8610416462355
              ],
              [
                113.70697938988289,
                33.861041666649996
              ],
              [
                113.70697932149005,
                33.8610416870645
              ],
              [
                113.7069745278178,
                33.86104357844087
              ]
            ]
          ],
          [
            [
              [
                113.7060833333,
                33.86275
              ],
              [
                113.7061666667,
                33.86275
              ],
              [
                113.70625,
                33.86275
              ],
              [
                113.7063333333,
                33.86275
              ],
              [
                113.7063333333,
                33.8626666667
              ],
              [
                113.7064166667,
                33.8626666667
              ],
              [
                113.7064166667,
                33.86275
              ],
              [
                113.7065,
                33.86275
              ],
              [
                113.7065833333,
                33.86275
              ],
              [
                113.7066666667,
                33.86275
              ],
              [
                113.70675,
                33.86275
              ],
              [
                113.7068333333,
                33.86275
              ],
              [
                113.7068333333,
                33.8626666667
              ],
              [
                113.7069166667,
                33.8626666667
              ],
              [
                113.7069166667,
                33.8625833333
              ],
              [
                113.7069166667,
                33.8625
              ],
              [
                113.7069166667,
                33.8624166667
              ],
              [
                113.7068333333,
                33.8624166667
              ],
              [
                113.7068333333,
                33.8623333333
              ],
              [
                113.70675,
                33.8623333333
              ],
              [
                113.70675,
                33.86225
              ],
              [
                113.7066666667,
                33.86225
              ],
              [
                113.7066666667,
                33.8621666667
              ],
              [
                113.7065833333,
                33.8621666667
              ],
              [
                113.7065833333,
                33.86225
              ],
              [
                113.7065,
                33.86225
              ],
              [
                113.7064166667,
                33.86225
              ],
              [
                113.7063333333,
                33.86225
              ],
              [
                113.70625,
                33.86225
              ],
              [
                113.7061666667,
                33.86225
              ],
              [
                113.7060833333,
                33.86225
              ],
              [
                113.706,
                33.86225
              ],
              [
                113.706,
                33.8623333333
              ],
              [
                113.7059166667,
                33.8623333333
              ],
              [
                113.7058333333,
                33.8623333333
              ],
              [
                113.7058333333,
                33.8624166667
              ],
              [
                113.70575,
                33.8624166667
              ],
              [
                113.70575,
                33.8625
              ],
              [
                113.7056666667,
                33.8625
              ],
              [
                113.7055833333,
                33.8625
              ],
              [
                113.7055833333,
                33.8625833333
              ],
              [
                113.7056666667,
                33.8625833333
              ],
              [
                113.7056666667,
                33.8626666667
              ],
              [
                113.70575,
                33.8626666667
              ],
              [
                113.70575,
                33.86275
              ],
              [
                113.7058333333,
                33.86275
              ],
              [
                113.7059166667,
                33.86275
              ],
              [
                113.706,
                33.86275
              ],
              [
                113.7060833333,
                33.86275
              ]
            ],
            [
              [
                113.70663238690965,
                33.862284845425464
              ],
              [
                113.70663664615661,
                33.86228748062174
              ],
              [
                113.70664119451781,
                33.862289754859134
              ],
              [
                113.70664598819006,
                33.862291646235505
              ],
              [
                113.70665098100766,
                33.86229313653586
              ],
              [
                113.70665612488705,
                33.86229421140779
              ],
              [
                113.70666137028986,
                33.86229486049971
              ],
              [
                113.7066666667,
                33.86229507756048
              ],
              [
                113.70669596444948,
                33.86229507756048
              ],
              [
                113.70669596444948,
                33.8623333333
              ],
              [
                113.70669622464543,
                33.86233775167357
              ],
              [
                113.70669700272744,
                33.862342127495786
              ],
              [
                113.70669829120214,
                33.862346418625094
              ],
              [
                113.70670007766084,
                33.86235058373557
              ],
              [
                113.70670234489897,
                33.862354582714914
              ],
              [
                113.70670507108176,
                33.86235837705078
              ],
              [
                113.7067082299546,
                33.86236193020164
              ],
              [
                113.7067117910958,
                33.86236520794869
              ],
              [
                113.70671572020964,
                33.86236817872546
              ],
              [
                113.70671997945661,
                33.862370813921736
              ],
              [
                113.70672452781781,
                33.86237308815913
              ],
              [
                113.70672932149006,
                33.8623749795355
              ],
              [
                113.70673431430765,
                33.86237646983586
              ],
              [
                113.70673945818704,
                33.86237754470779
              ],
              [
                113.70674470358986,
                33.86237819379971
              ],
              [
                113.70675,
                33.86237841086048
              ],
              [
                113.70677929774948,
                33.86237841086048
              ],
              [
                113.70677929774948,
                33.8624166667
              ],
              [
                113.70677955794542,
                33.86242108507357
              ],
              [
                113.70678033602744,
                33.862425460895786
              ],
              [
                113.70678162450214,
                33.86242975202509
              ],
              [
                113.70678341096084,
                33.86243391713557
              ],
              [
                113.70678567819897,
                33.862437916114914
              ],
              [
                113.70678840438175,
                33.86244171045078
              ],
              [
                113.7067915632546,
                33.862445263601636
              ],
              [
                113.7067951243958,
                33.86244854134869
              ],
              [
                113.70679905350964,
                33.86245151212546
              ],
              [
                113.7068033127566,
                33.862454147321735
              ],
              [
                113.70680786111781,
                33.86245642155913
              ],
              [
                113.70681265479006,
                33.8624583129355
              ],
              [
                113.70681764760765,
                33.86245980323586
              ],
              [
                113.70682279148704,
                33.86246087810779
              ],
              [
                113.70682803688986,
                33.862461527199706
              ],
              [
                113.7068333333,
                33.86246174426048
              ],
              [
                113.70686263114948,
                33.86246174426048
              ],
              [
                113.70686263114948,
                33.86262158913952
              ],
              [
                113.7068333333,
                33.86262158913952
              ],
              [
                113.70682803688986,
                33.862621806200295
              ],
              [
                113.70682279148704,
                33.86262245529221
              ],
              [
                113.70681764760765,
                33.86262353016414
              ],
              [
                113.70681265479006,
                33.8626250204645
              ],
              [
                113.70680786111781,
                33.86262691184087
              ],
              [
                113.7068033127566,
                33.862629186078266
              ],
              [
                113.70679905350964,
                33.86263182127454
              ],
              [
                113.7067951243958,
                33.86263479205131
              ],
              [
                113.7067915632546,
                33.862638069798365
              ],
              [
                113.70678840438175,
                33.86264162294922
              ],
              [
                113.70678567819897,
                33.86264541728509
              ],
              [
                113.70678341096084,
                33.86264941626443
              ],
              [
                113.70678162450214,
                33.86265358137491
              ],
              [
                113.70678033602744,
                33.862657872504215
              ],
              [
                113.70677955794542,
                33.86266224832643
              ],
              [
                113.70677929774948,
                33.8626666667
              ],
              [
                113.70677929774948,
                33.86270492243952
              ],
              [
                113.70647070225051,
                33.86270492243952
              ],
              [
                113.70647070225051,
                33.8626666667
              ],
              [
                113.70647044205457,
                33.86266224832643
              ],
              [
                113.70646966397256,
                33.862657872504215
              ],
              [
                113.70646837549785,
                33.86265358137491
              ],
              [
                113.70646658903915,
                33.86264941626443
              ],
              [
                113.70646432180102,
                33.86264541728509
              ],
              [
                113.70646159561824,
                33.86264162294922
              ],
              [
                113.7064584367454,
                33.862638069798365
              ],
              [
                113.7064548756042,
                33.86263479205131
              ],
              [
                113.70645094649035,
                33.86263182127454
              ],
              [
                113.70644668724339,
                33.862629186078266
              ],
              [
                113.70644213888218,
                33.86262691184087
              ],
              [
                113.70643734520993,
                33.8626250204645
              ],
              [
                113.70643235239234,
                33.86262353016414
              ],
              [
                113.70642720851295,
                33.86262245529221
              ],
              [
                113.70642196311013,
                33.862621806200295
              ],
              [
                113.7064166667,
                33.86262158913952
              ],
              [
                113.7063333333,
                33.86262158913952
              ],
              [
                113.70632803688986,
                33.862621806200295
              ],
              [
                113.70632279148704,
                33.86262245529221
              ],
              [
                113.70631764760765,
                33.86262353016414
              ],
              [
                113.70631265479005,
                33.8626250204645
              ],
              [
                113.7063078611178,
                33.86262691184087
              ],
              [
                113.7063033127566,
                33.862629186078266
              ],
              [
                113.70629905350964,
                33.86263182127454
              ],
              [
                113.7062951243958,
                33.86263479205131
              ],
              [
                113.7062915632546,
                33.862638069798365
              ],
              [
                113.70628840438175,
                33.86264162294922
              ],
              [
                113.70628567819897,
                33.86264541728509
              ],
              [
                113.70628341096084,
                33.86264941626443
              ],
              [
                113.70628162450214,
                33.86265358137491
              ],
              [
                113.70628033602743,
                33.862657872504215
              ],
              [
                113.70627955794542,
                33.86266224832643
              ],
              [
                113.70627929774948,
                33.8626666667
              ],
              [
                113.70627929774948,
                33.86270492243952
              ],
              [
                113.70580403555051,
                33.86270492243952
              ],
              [
                113.70580403555051,
                33.8626666667
              ],
              [
                113.70580377535457,
                33.86266224832643
              ],
              [
                113.70580299727256,
                33.862657872504215
              ],
              [
                113.70580170879785,
                33.86265358137491
              ],
              [
                113.70579992233915,
                33.86264941626443
              ],
              [
                113.70579765510102,
                33.86264541728509
              ],
              [
                113.70579492891824,
                33.86264162294922
              ],
              [
                113.7057917700454,
                33.862638069798365
              ],
              [
                113.7057882089042,
                33.86263479205131
              ],
              [
                113.70578427979035,
                33.86263182127454
              ],
              [
                113.70578002054339,
                33.862629186078266
              ],
              [
                113.70577547218218,
                33.86262691184087
              ],
              [
                113.70577067850994,
                33.8626250204645
              ],
              [
                113.70576568569234,
                33.86262353016414
              ],
              [
                113.70576054181295,
                33.86262245529221
              ],
              [
                113.70575529641013,
                33.862621806200295
              ],
              [
                113.70575,
                33.86262158913952
              ],
              [
                113.70572070225052,
                33.86262158913952
              ],
              [
                113.70572070225052,
                33.8625833333
              ],
              [
                113.70572044205457,
                33.86257891492643
              ],
              [
                113.70571966397256,
                33.862574539104216
              ],
              [
                113.70571837549785,
                33.86257024797491
              ],
              [
                113.70571658903916,
                33.86256608286443
              ],
              [
                113.70571432180103,
                33.86256208388509
              ],
              [
                113.70571159561824,
                33.86255828954922
              ],
              [
                113.7057084367454,
                33.862554736398366
              ],
              [
                113.7057048756042,
                33.86255145865131
              ],
              [
                113.70570094649035,
                33.86254848787454
              ],
              [
                113.70569668724339,
                33.86254585267827
              ],
              [
                113.70569513704652,
                33.862545077560476
              ],
              [
                113.70575,
                33.862545077560476
              ],
              [
                113.70575529641013,
                33.8625448604997
              ],
              [
                113.70576054181295,
                33.86254421140779
              ],
              [
                113.70576568569234,
                33.862543136535855
              ],
              [
                113.70577067850994,
                33.8625416462355
              ],
              [
                113.70577547218218,
                33.86253975485913
              ],
              [
                113.70578002054339,
                33.86253748062173
              ],
              [
                113.70578427979035,
                33.86253484542546
              ],
              [
                113.7057882089042,
                33.86253187464869
              ],
              [
                113.7057917700454,
                33.86252859690163
              ],
              [
                113.70579492891824,
                33.86252504375078
              ],
              [
                113.70579765510102,
                33.86252124941491
              ],
              [
                113.70579992233915,
                33.862517250435566
              ],
              [
                113.70580170879785,
                33.86251308532509
              ],
              [
                113.70580299727256,
                33.86250879419578
              ],
              [
                113.70580377535457,
                33.86250441837357
              ],
              [
                113.70580403555051,
                33.8625
              ],
              [
                113.70580403555051,
                33.86246174426048
              ],
              [
                113.7058333333,
                33.86246174426048
              ],
              [
                113.70583862971014,
                33.862461527199706
              ],
              [
                113.70584387511296,
                33.86246087810779
              ],
              [
                113.70584901899235,
                33.86245980323586
              ],
              [
                113.70585401180995,
                33.8624583129355
              ],
              [
                113.7058588054822,
                33.86245642155913
              ],
              [
                113.7058633538434,
                33.862454147321735
              ],
              [
                113.70586761309036,
                33.86245151212546
              ],
              [
                113.7058715422042,
                33.86244854134869
              ],
              [
                113.7058751033454,
                33.862445263601636
              ],
              [
                113.70587826221825,
                33.86244171045078
              ],
              [
                113.70588098840103,
                33.862437916114914
              ],
              [
                113.70588325563916,
                33.86243391713557
              ],
              [
                113.70588504209786,
                33.86242975202509
              ],
              [
                113.70588633057257,
                33.862425460895786
              ],
              [
                113.70588710865458,
                33.86242108507357
              ],
              [
                113.70588736885053,
                33.8624166667
              ],
              [
                113.70588736885053,
                33.86237841086048
              ],
              [
                113.706,
                33.86237841086048
              ],
              [
                113.70600529641014,
                33.86237819379971
              ],
              [
                113.70601054181296,
                33.86237754470779
              ],
              [
                113.70601568569235,
                33.86237646983586
              ],
              [
                113.70602067850994,
                33.8623749795355
              ],
              [
                113.70602547218219,
                33.86237308815913
              ],
              [
                113.7060300205434,
                33.862370813921736
              ],
              [
                113.70603427979036,
                33.86236817872546
              ],
              [
                113.7060382089042,
                33.86236520794869
              ],
              [
                113.7060417700454,
                33.86236193020164
              ],
              [
                113.70604492891825,
                33.86235837705078
              ],
              [
                113.70604765510103,
                33.862354582714914
              ],
              [
                113.70604992233916,
                33.86235058373557
              ],
              [
                113.70605170879786,
                33.862346418625094
              ],
              [
                113.70605299727256,
                33.862342127495786
              ],
              [
                113.70605377535458,
                33.86233775167357
              ],
              [
                113.70605403555052,
                33.8623333333
              ],
              [
                113.70605403555052,
                33.86229507756048
              ],
              [
                113.7065833333,
                33.86229507756048
              ],
              [
                113.70658862971014,
                33.86229486049971
              ],
              [
                113.70659387511296,
                33.86229421140779
              ],
              [
                113.70659901899235,
                33.86229313653586
              ],
              [
                113.70660401180994,
                33.862291646235505
              ],
              [
                113.70660880548219,
                33.862289754859134
              ],
              [
                113.7066133538434,
                33.86228748062174
              ],
              [
                113.70661761309036,
                33.862284845425464
              ],
              [
                113.7066215422042,
                33.862281874648694
              ],
              [
                113.706625,
                33.862278692022855
              ],
              [
                113.7066284577958,
                33.862281874648694
              ],
              [
                113.70663238690965,
                33.862284845425464
              ]
            ]
          ],
          [
            [
              [
                113.70575,
                33.8634166667
              ],
              [
                113.7058333333,
                33.8634166667
              ],
              [
                113.7058333333,
                33.8633333333
              ],
              [
                113.70575,
                33.8633333333
              ],
              [
                113.7056666667,
                33.8633333333
              ],
              [
                113.7055833333,
                33.8633333333
              ],
              [
                113.7055833333,
                33.86325
              ],
              [
                113.7055,
                33.86325
              ],
              [
                113.7055,
                33.8633333333
              ],
              [
                113.7055,
                33.8634166667
              ],
              [
                113.7055833333,
                33.8634166667
              ],
              [
                113.7056666667,
                33.8634166667
              ],
              [
                113.70575,
                33.8634166667
              ]
            ],
            [
              [
                113.70555403555052,
                33.86337158913952
              ],
              [
                113.70555403555052,
                33.863371175327714
              ],
              [
                113.70555486315347,
                33.86337158913952
              ],
              [
                113.70555403555052,
                33.86337158913952
              ]
            ]
          ],
          [
            [
              [
                113.70525,
                33.8614166667
              ],
              [
                113.7053333333,
                33.8614166667
              ],
              [
                113.7053333333,
                33.8613333333
              ],
              [
                113.70525,
                33.8613333333
              ],
              [
                113.70525,
                33.8614166667
              ]
            ]
          ],
          [
            [
              [
                113.7048333333,
                33.86275
              ],
              [
                113.7049166667,
                33.86275
              ],
              [
                113.705,
                33.86275
              ],
              [
                113.705,
                33.8626666667
              ],
              [
                113.705,
                33.8625833333
              ],
              [
                113.7049166667,
                33.8625833333
              ],
              [
                113.7048333333,
                33.8625833333
              ],
              [
                113.70475,
                33.8625833333
              ],
              [
                113.70475,
                33.8626666667
              ],
              [
                113.7046666667,
                33.8626666667
              ],
              [
                113.7046666667,
                33.86275
              ],
              [
                113.7046666667,
                33.8628333333
              ],
              [
                113.70475,
                33.8628333333
              ],
              [
                113.70475,
                33.8629166667
              ],
              [
                113.70475,
                33.863
              ],
              [
                113.70475,
                33.8630833333
              ],
              [
                113.7048333333,
                33.8630833333
              ],
              [
                113.7048333333,
                33.863
              ],
              [
                113.7048333333,
                33.8629166667
              ],
              [
                113.7048333333,
                33.8628333333
              ],
              [
                113.7048333333,
                33.86275
              ]
            ],
            [
              [
                113.70477547218219,
                33.86279357844087
              ],
              [
                113.70477067850995,
                33.8627916870645
              ],
              [
                113.70476568569235,
                33.862790196764145
              ],
              [
                113.70476054181296,
                33.86278912189221
              ],
              [
                113.70475529641014,
                33.8627884728003
              ],
              [
                113.70475,
                33.862788255739524
              ],
              [
                113.70472070225053,
                33.862788255739524
              ],
              [
                113.70472070225053,
                33.86271174426048
              ],
              [
                113.70475,
                33.86271174426048
              ],
              [
                113.70475529641014,
                33.86271152719971
              ],
              [
                113.70476054181296,
                33.86271087810779
              ],
              [
                113.70476568569235,
                33.86270980323586
              ],
              [
                113.70477067850995,
                33.8627083129355
              ],
              [
                113.70477547218219,
                33.86270642155913
              ],
              [
                113.7047800205434,
                33.862704147321736
              ],
              [
                113.70478427979036,
                33.86270151212546
              ],
              [
                113.7047882089042,
                33.86269854134869
              ],
              [
                113.7047917700454,
                33.86269526360164
              ],
              [
                113.70479492891825,
                33.86269171045078
              ],
              [
                113.70479765510103,
                33.862687916114915
              ],
              [
                113.70479992233916,
                33.86268391713557
              ],
              [
                113.70480170879786,
                33.862679752025095
              ],
              [
                113.70480299727257,
                33.86267546089579
              ],
              [
                113.70480377535458,
                33.86267108507357
              ],
              [
                113.70480403555052,
                33.8626666667
              ],
              [
                113.70480403555052,
                33.86262841086048
              ],
              [
                113.70494596444948,
                33.86262841086048
              ],
              [
                113.70494596444948,
                33.86270492243952
              ],
              [
                113.7048333333,
                33.86270492243952
              ],
              [
                113.70482803688986,
                33.86270513950029
              ],
              [
                113.70482279148705,
                33.86270578859221
              ],
              [
                113.70481764760765,
                33.86270686346414
              ],
              [
                113.70481265479006,
                33.862708353764496
              ],
              [
                113.70480786111781,
                33.86271024514087
              ],
              [
                113.70480331275661,
                33.86271251937826
              ],
              [
                113.70479905350965,
                33.86271515457454
              ],
              [
                113.7047951243958,
                33.86271812535131
              ],
              [
                113.7047915632546,
                33.86272140309836
              ],
              [
                113.70478840438176,
                33.86272495624922
              ],
              [
                113.70478567819897,
                33.862728750585084
              ],
              [
                113.70478341096084,
                33.86273274956443
              ],
              [
                113.70478162450215,
                33.862736914674905
              ],
              [
                113.70478033602744,
                33.86274120580421
              ],
              [
                113.70477955794543,
                33.86274558162643
              ],
              [
                113.70477929774948,
                33.86275
              ],
              [
                113.70477929774948,
                33.86279549127229
              ],
              [
                113.70477547218219,
                33.86279357844087
              ]
            ]
          ],
          [
            [
              [
                113.70625,
                33.864
              ],
              [
                113.70625,
                33.8639166667
              ],
              [
                113.7061666667,
                33.8639166667
              ],
              [
                113.7060833333,
                33.8639166667
              ],
              [
                113.7060833333,
                33.864
              ],
              [
                113.7061666667,
                33.864
              ],
              [
                113.70625,
                33.864
              ]
            ]
          ],
          [
            [
              [
                113.7060833333,
                33.8638333333
              ],
              [
                113.706,
                33.8638333333
              ],
              [
                113.7059166667,
                33.8638333333
              ],
              [
                113.7059166667,
                33.8639166667
              ],
              [
                113.706,
                33.8639166667
              ],
              [
                113.7060833333,
                33.8639166667
              ],
              [
                113.7060833333,
                33.8638333333
              ]
            ]
          ],
          [
            [
              [
                113.7059166667,
                33.8638333333
              ],
              [
                113.7059166667,
                33.86375
              ],
              [
                113.7058333333,
                33.86375
              ],
              [
                113.7058333333,
                33.8638333333
              ],
              [
                113.7059166667,
                33.8638333333
              ]
            ]
          ],
          [
            [
              [
                113.7045833333,
                33.8640833333
              ],
              [
                113.7045833333,
                33.864092819145924
              ],
              [
                113.70463736885051,
                33.86409770533932
              ],
              [
                113.70463736885051,
                33.8640833333
              ],
              [
                113.70463710865457,
                33.86407891492643
              ],
              [
                113.70463633057255,
                33.864074539104216
              ],
              [
                113.70463504209785,
                33.86407024797491
              ],
              [
                113.70463325563915,
                33.86406608286443
              ],
              [
                113.70463098840102,
                33.86406208388509
              ],
              [
                113.70462826221824,
                33.86405828954922
              ],
              [
                113.70462510334539,
                33.864054736398366
              ],
              [
                113.7046215422042,
                33.86405145865131
              ],
              [
                113.70461761309035,
                33.86404848787454
              ],
              [
                113.70461335384338,
                33.86404585267827
              ],
              [
                113.70460880548218,
                33.86404357844087
              ],
              [
                113.70460401180993,
                33.8640416870645
              ],
              [
                113.70459901899234,
                33.864040196764144
              ],
              [
                113.70459387511295,
                33.86403912189221
              ],
              [
                113.70458862971013,
                33.864038472800296
              ],
              [
                113.7045833333,
                33.86403825573952
              ],
              [
                113.70455403555052,
                33.86403825573952
              ],
              [
                113.70455403555052,
                33.8639166667
              ],
              [
                113.70455377535457,
                33.86391224832643
              ],
              [
                113.70455299727256,
                33.863907872504214
              ],
              [
                113.70455170879785,
                33.863903581374906
              ],
              [
                113.70454992233915,
                33.86389941626443
              ],
              [
                113.70454765510102,
                33.863895417285086
              ],
              [
                113.70454492891824,
                33.86389162294922
              ],
              [
                113.7045417700454,
                33.863888069798364
              ],
              [
                113.7045382089042,
                33.86388479205131
              ],
              [
                113.70453427979035,
                33.86388182127454
              ],
              [
                113.70453002054339,
                33.863879186078265
              ],
              [
                113.70452547218218,
                33.86387691184087
              ],
              [
                113.70452067850994,
                33.8638750204645
              ],
              [
                113.70451568569234,
                33.86387353016414
              ],
              [
                113.70451054181295,
                33.86387245529221
              ],
              [
                113.70450529641013,
                33.863871806200294
              ],
              [
                113.7045,
                33.86387158913952
              ],
              [
                113.70447070225052,
                33.86387158913952
              ],
              [
                113.70447070225052,
                33.86379507756048
              ],
              [
                113.70486263114948,
                33.86379507756048
              ],
              [
                113.70486263114948,
                33.8638333333
              ],
              [
                113.70486289134543,
                33.86383775167357
              ],
              [
                113.70486366942744,
                33.863842127495786
              ],
              [
                113.70486495790215,
                33.863846418625094
              ],
              [
                113.70486674436084,
                33.86385058373557
              ],
              [
                113.70486901159897,
                33.863854582714914
              ],
              [
                113.70487173778176,
                33.86385837705078
              ],
              [
                113.7048748966546,
                33.86386193020164
              ],
              [
                113.7048784577958,
                33.86386520794869
              ],
              [
                113.70488238690965,
                33.86386817872546
              ],
              [
                113.70488664615661,
                33.863870813921736
              ],
              [
                113.70489119451781,
                33.86387308815913
              ],
              [
                113.70489598819006,
                33.8638749795355
              ],
              [
                113.70490098100765,
                33.86387646983586
              ],
              [
                113.70490612488705,
                33.86387754470779
              ],
              [
                113.70491137028986,
                33.86387819379971
              ],
              [
                113.7049166667,
                33.86387841086048
              ],
              [
                113.70511263114948,
                33.86387841086048
              ],
              [
                113.70511263114948,
                33.8639166667
              ],
              [
                113.70511289134542,
                33.86392108507357
              ],
              [
                113.70511366942743,
                33.863925460895786
              ],
              [
                113.70511495790214,
                33.86392975202509
              ],
              [
                113.70511674436084,
                33.86393391713557
              ],
              [
                113.70511901159897,
                33.863937916114914
              ],
              [
                113.70512173778175,
                33.86394171045078
              ],
              [
                113.7051248966546,
                33.863945263601636
              ],
              [
                113.7051284577958,
                33.86394854134869
              ],
              [
                113.70513238690964,
                33.86395151212546
              ],
              [
                113.7051366461566,
                33.863954147321735
              ],
              [
                113.70514119451781,
                33.86395642155913
              ],
              [
                113.70514598819005,
                33.8639583129355
              ],
              [
                113.70515098100765,
                33.86395980323586
              ],
              [
                113.70515612488704,
                33.86396087810779
              ],
              [
                113.70516137028986,
                33.863961527199706
              ],
              [
                113.7051666667,
                33.86396174426048
              ],
              [
                113.70519596444949,
                33.86396174426048
              ],
              [
                113.70519596444949,
                33.864
              ],
              [
                113.70519622464543,
                33.86400441837357
              ],
              [
                113.70519700272745,
                33.86400879419578
              ],
              [
                113.70519829120215,
                33.86401308532509
              ],
              [
                113.70520007766085,
                33.864017250435566
              ],
              [
                113.70520234489898,
                33.86402124941491
              ],
              [
                113.70520507108176,
                33.86402504375078
              ],
              [
                113.70520822995461,
                33.86402859690163
              ],
              [
                113.7052117910958,
                33.86403187464869
              ],
              [
                113.70521572020965,
                33.86403484542546
              ],
              [
                113.70521997945661,
                33.86403748062173
              ],
              [
                113.70522452781782,
                33.86403975485913
              ],
              [
                113.70522932149007,
                33.8640416462355
              ],
              [
                113.70523431430766,
                33.864043136535855
              ],
              [
                113.70523945818705,
                33.86404421140779
              ],
              [
                113.70524470358987,
                33.8640448604997
              ],
              [
                113.70525,
                33.864045077560476
              ],
              [
                113.70527929774948,
                33.864045077560476
              ],
              [
                113.70527929774948,
                33.8640833333
              ],
              [
                113.70527955794543,
                33.86408775167357
              ],
              [
                113.70528033602744,
                33.86409212749579
              ],
              [
                113.70528162450215,
                33.864096418625095
              ],
              [
                113.70528341096085,
                33.86410058373557
              ],
              [
                113.70528567819898,
                33.864104582714916
              ],
              [
                113.70528840438176,
                33.86410837705078
              ],
              [
                113.7052915632546,
                33.86411193020164
              ],
              [
                113.7052951243958,
                33.86411520794869
              ],
              [
                113.70529905350965,
                33.86411817872546
              ],
              [
                113.70530331275661,
                33.86412081392174
              ],
              [
                113.70530486315347,
                33.86412158913952
              ],
              [
                113.70497070225052,
                33.86412158913952
              ],
              [
                113.70497070225052,
                33.8640833333
              ],
              [
                113.70497044205457,
                33.86407891492643
              ],
              [
                113.70496966397256,
                33.864074539104216
              ],
              [
                113.70496837549786,
                33.86407024797491
              ],
              [
                113.70496658903916,
                33.86406608286443
              ],
              [
                113.70496432180103,
                33.86406208388509
              ],
              [
                113.70496159561824,
                33.86405828954922
              ],
              [
                113.7049584367454,
                33.864054736398366
              ],
              [
                113.7049548756042,
                33.86405145865131
              ],
              [
                113.70495094649036,
                33.86404848787454
              ],
              [
                113.70494668724339,
                33.86404585267827
              ],
              [
                113.70494213888219,
                33.86404357844087
              ],
              [
                113.70493734520994,
                33.8640416870645
              ],
              [
                113.70493235239235,
                33.864040196764144
              ],
              [
                113.70492720851296,
                33.86403912189221
              ],
              [
                113.70492196311014,
                33.864038472800296
              ],
              [
                113.7049166667,
                33.86403825573952
              ],
              [
                113.70475,
                33.86403825573952
              ],
              [
                113.70474470358987,
                33.864038472800296
              ],
              [
                113.70473945818705,
                33.86403912189221
              ],
              [
                113.70473431430766,
                33.864040196764144
              ],
              [
                113.70472932149006,
                33.8640416870645
              ],
              [
                113.70472452781782,
                33.86404357844087
              ],
              [
                113.70471997945661,
                33.86404585267827
              ],
              [
                113.70471572020965,
                33.86404848787454
              ],
              [
                113.7047117910958,
                33.86405145865131
              ],
              [
                113.7047082299546,
                33.864054736398366
              ],
              [
                113.70470507108176,
                33.86405828954922
              ],
              [
                113.70470234489898,
                33.86406208388509
              ],
              [
                113.70470007766085,
                33.86406608286443
              ],
              [
                113.70469829120215,
                33.86407024797491
              ],
              [
                113.70469700272744,
                33.864074539104216
              ],
              [
                113.70469622464543,
                33.86407891492643
              ],
              [
                113.70469596444948,
                33.8640833333
              ],
              [
                113.70469596444948,
                33.864103003877524
              ],
              [
                113.70475,
                33.864107890070926
              ],
              [
                113.70475,
                33.8640833333
              ],
              [
                113.7048333333,
                33.8640833333
              ],
              [
                113.7049166667,
                33.8640833333
              ],
              [
                113.7049166667,
                33.86412296099592
              ],
              [
                113.7054,
                33.86416666666667
              ],
              [
                113.70539999999569,
                33.8641666667
              ],
              [
                113.7054166667,
                33.8641666667
              ],
              [
                113.7054166667,
                33.8640833333
              ],
              [
                113.7053333333,
                33.8640833333
              ],
              [
                113.7053333333,
                33.864
              ],
              [
                113.70525,
                33.864
              ],
              [
                113.70525,
                33.8639166667
              ],
              [
                113.7051666667,
                33.8639166667
              ],
              [
                113.7051666667,
                33.8638333333
              ],
              [
                113.7050833333,
                33.8638333333
              ],
              [
                113.705,
                33.8638333333
              ],
              [
                113.7049166667,
                33.8638333333
              ],
              [
                113.7049166667,
                33.86375
              ],
              [
                113.7048333333,
                33.86375
              ],
              [
                113.70475,
                33.86375
              ],
              [
                113.7046666667,
                33.86375
              ],
              [
                113.7045833333,
                33.86375
              ],
              [
                113.7045,
                33.86375
              ],
              [
                113.7044166667,
                33.86375
              ],
              [
                113.7044166667,
                33.8638333333
              ],
              [
                113.7044166667,
                33.8639166667
              ],
              [
                113.7045,
                33.8639166667
              ],
              [
                113.7045,
                33.864
              ],
              [
                113.7045,
                33.8640833333
              ],
              [
                113.7045833333,
                33.8640833333
              ]
            ]
          ],
          [
            [
              [
                113.7039166667,
                33.8638333333
              ],
              [
                113.7039166667,
                33.86375
              ],
              [
                113.704,
                33.86375
              ],
              [
                113.704,
                33.8636666667
              ],
              [
                113.704,
                33.8635833333
              ],
              [
                113.704,
                33.8635
              ],
              [
                113.7040833333,
                33.8635
              ],
              [
                113.7040833333,
                33.8634166667
              ],
              [
                113.7041666667,
                33.8634166667
              ],
              [
                113.7041666667,
                33.8635
              ],
              [
                113.70425,
                33.8635
              ],
              [
                113.7043333333,
                33.8635
              ],
              [
                113.7043333333,
                33.8634166667
              ],
              [
                113.7043333333,
                33.8633333333
              ],
              [
                113.70425,
                33.8633333333
              ],
              [
                113.70425,
                33.86325
              ],
              [
                113.7041666667,
                33.86325
              ],
              [
                113.7041666667,
                33.8631666667
              ],
              [
                113.7040833333,
                33.8631666667
              ],
              [
                113.704,
                33.8631666667
              ],
              [
                113.704,
                33.86325
              ],
              [
                113.7039166667,
                33.86325
              ],
              [
                113.7039166667,
                33.8633333333
              ],
              [
                113.7039166667,
                33.8634166667
              ],
              [
                113.7038333333,
                33.8634166667
              ],
              [
                113.7038333333,
                33.8635
              ],
              [
                113.7038333333,
                33.8635833333
              ],
              [
                113.7038333333,
                33.8636666667
              ],
              [
                113.7038333333,
                33.86375
              ],
              [
                113.7038333333,
                33.8638333333
              ],
              [
                113.7039166667,
                33.8638333333
              ]
            ],
            [
              [
                113.7039166667,
                33.863461744260476
              ],
              [
                113.70392196311013,
                33.8634615271997
              ],
              [
                113.70392720851295,
                33.86346087810779
              ],
              [
                113.70393235239234,
                33.863459803235855
              ],
              [
                113.70393734520994,
                33.8634583129355
              ],
              [
                113.70394213888218,
                33.86345642155913
              ],
              [
                113.70394668724339,
                33.86345414732173
              ],
              [
                113.70395094649035,
                33.86345151212546
              ],
              [
                113.7039548756042,
                33.86344854134869
              ],
              [
                113.7039584367454,
                33.86344526360163
              ],
              [
                113.70396159561824,
                33.86344171045078
              ],
              [
                113.70396432180102,
                33.86343791611491
              ],
              [
                113.70396658903915,
                33.863433917135566
              ],
              [
                113.70396837549785,
                33.86342975202509
              ],
              [
                113.70396966397256,
                33.86342546089578
              ],
              [
                113.70397044205457,
                33.86342108507357
              ],
              [
                113.70397070225052,
                33.8634166667
              ],
              [
                113.70397070225052,
                33.86329507756048
              ],
              [
                113.704,
                33.86329507756048
              ],
              [
                113.70400529641013,
                33.86329486049971
              ],
              [
                113.70401054181295,
                33.86329421140779
              ],
              [
                113.70401568569234,
                33.86329313653586
              ],
              [
                113.70402067850993,
                33.8632916462355
              ],
              [
                113.70402547218218,
                33.86328975485913
              ],
              [
                113.70403002054339,
                33.863287480621736
              ],
              [
                113.70403427979035,
                33.86328484542546
              ],
              [
                113.7040382089042,
                33.86328187464869
              ],
              [
                113.7040417700454,
                33.86327859690164
              ],
              [
                113.70404492891824,
                33.86327504375078
              ],
              [
                113.70404765510102,
                33.863271249414915
              ],
              [
                113.70404992233915,
                33.86326725043557
              ],
              [
                113.70405170879785,
                33.863263085325094
              ],
              [
                113.70405299727256,
                33.86325879419579
              ],
              [
                113.70405377535457,
                33.86325441837357
              ],
              [
                113.70405403555051,
                33.86325
              ],
              [
                113.70405403555051,
                33.86321174426048
              ],
              [
                113.70411263114948,
                33.86321174426048
              ],
              [
                113.70411263114948,
                33.86325
              ],
              [
                113.70411289134543,
                33.86325441837357
              ],
              [
                113.70411366942744,
                33.86325879419579
              ],
              [
                113.70411495790215,
                33.863263085325094
              ],
              [
                113.70411674436085,
                33.86326725043557
              ],
              [
                113.70411901159898,
                33.863271249414915
              ],
              [
                113.70412173778176,
                33.86327504375078
              ],
              [
                113.7041248966546,
                33.86327859690164
              ],
              [
                113.7041284577958,
                33.86328187464869
              ],
              [
                113.70413238690965,
                33.86328484542546
              ],
              [
                113.70413664615661,
                33.863287480621736
              ],
              [
                113.70414119451782,
                33.86328975485913
              ],
              [
                113.70414598819006,
                33.8632916462355
              ],
              [
                113.70415098100766,
                33.86329313653586
              ],
              [
                113.70415612488705,
                33.86329421140779
              ],
              [
                113.70416137028987,
                33.86329486049971
              ],
              [
                113.7041666667,
                33.86329507756048
              ],
              [
                113.70419596444948,
                33.86329507756048
              ],
              [
                113.70419596444948,
                33.8633333333
              ],
              [
                113.70419622464543,
                33.86333775167357
              ],
              [
                113.70419700272744,
                33.863342127495784
              ],
              [
                113.70419829120215,
                33.86334641862509
              ],
              [
                113.70420007766084,
                33.86335058373557
              ],
              [
                113.70420234489897,
                33.86335458271491
              ],
              [
                113.70420507108176,
                33.86335837705078
              ],
              [
                113.7042082299546,
                33.863361930201634
              ],
              [
                113.7042117910958,
                33.86336520794869
              ],
              [
                113.70421572020965,
                33.86336817872546
              ],
              [
                113.70421997945661,
                33.86337081392173
              ],
              [
                113.70422452781781,
                33.86337308815913
              ],
              [
                113.70422932149006,
                33.8633749795355
              ],
              [
                113.70423431430766,
                33.863376469835856
              ],
              [
                113.70423945818705,
                33.86337754470779
              ],
              [
                113.70424470358986,
                33.863378193799704
              ],
              [
                113.70425,
                33.86337841086048
              ],
              [
                113.70427929774948,
                33.86337841086048
              ],
              [
                113.70427929774948,
                33.86345492243952
              ],
              [
                113.70422070225052,
                33.86345492243952
              ],
              [
                113.70422070225052,
                33.8634166667
              ],
              [
                113.70422044205458,
                33.863412248326426
              ],
              [
                113.70421966397257,
                33.86340787250421
              ],
              [
                113.70421837549786,
                33.863403581374904
              ],
              [
                113.70421658903916,
                33.86339941626443
              ],
              [
                113.70421432180103,
                33.86339541728508
              ],
              [
                113.70421159561825,
                33.863391622949216
              ],
              [
                113.7042084367454,
                33.86338806979836
              ],
              [
                113.7042048756042,
                33.863384792051306
              ],
              [
                113.70420094649036,
                33.86338182127454
              ],
              [
                113.7041966872434,
                33.86337918607826
              ],
              [
                113.70419213888219,
                33.86337691184087
              ],
              [
                113.70418734520995,
                33.863375020464495
              ],
              [
                113.70418235239235,
                33.86337353016414
              ],
              [
                113.70417720851296,
                33.86337245529221
              ],
              [
                113.70417196311014,
                33.86337180620029
              ],
              [
                113.7041666667,
                33.86337158913952
              ],
              [
                113.7040833333,
                33.86337158913952
              ],
              [
                113.70407803688987,
                33.86337180620029
              ],
              [
                113.70407279148705,
                33.86337245529221
              ],
              [
                113.70406764760766,
                33.86337353016414
              ],
              [
                113.70406265479006,
                33.863375020464495
              ],
              [
                113.70405786111782,
                33.86337691184087
              ],
              [
                113.70405331275661,
                33.86337918607826
              ],
              [
                113.70404905350965,
                33.86338182127454
              ],
              [
                113.7040451243958,
                33.863384792051306
              ],
              [
                113.7040415632546,
                33.86338806979836
              ],
              [
                113.70403840438176,
                33.863391622949216
              ],
              [
                113.70403567819898,
                33.86339541728508
              ],
              [
                113.70403341096085,
                33.86339941626443
              ],
              [
                113.70403162450215,
                33.863403581374904
              ],
              [
                113.70403033602744,
                33.86340787250421
              ],
              [
                113.70402955794543,
                33.863412248326426
              ],
              [
                113.70402929774949,
                33.8634166667
              ],
              [
                113.70402929774949,
                33.86345492243952
              ],
              [
                113.704,
                33.86345492243952
              ],
              [
                113.70399470358986,
                33.863455139500296
              ],
              [
                113.70398945818704,
                33.86345578859221
              ],
              [
                113.70398431430765,
                33.863456863464144
              ],
              [
                113.70397932149005,
                33.8634583537645
              ],
              [
                113.7039745278178,
                33.86346024514087
              ],
              [
                113.7039699794566,
                33.86346251937827
              ],
              [
                113.70396572020964,
                33.86346515457454
              ],
              [
                113.7039617910958,
                33.86346812535131
              ],
              [
                113.7039582299546,
                33.863471403098366
              ],
              [
                113.70395507108175,
                33.86347495624922
              ],
              [
                113.70395234489897,
                33.86347875058509
              ],
              [
                113.70395007766083,
                33.86348274956443
              ],
              [
                113.70394829120214,
                33.86348691467491
              ],
              [
                113.70394700272743,
                33.863491205804216
              ],
              [
                113.70394622464542,
                33.86349558162643
              ],
              [
                113.70394596444947,
                33.8635
              ],
              [
                113.70394596444947,
                33.863704922439524
              ],
              [
                113.7039166667,
                33.863704922439524
              ],
              [
                113.70391137028986,
                33.8637051395003
              ],
              [
                113.70390612488704,
                33.86370578859221
              ],
              [
                113.70390098100765,
                33.863706863464145
              ],
              [
                113.70389598819006,
                33.8637083537645
              ],
              [
                113.70389119451781,
                33.86371024514087
              ],
              [
                113.70388736885052,
                33.86371215802229
              ],
              [
                113.70388736885052,
                33.863461744260476
              ],
              [
                113.7039166667,
                33.863461744260476
              ]
            ]
          ],
          [
            [
              [
                113.7095,
                33.868
              ],
              [
                113.7095833333,
                33.868
              ],
              [
                113.7096666667,
                33.868
              ],
              [
                113.70975,
                33.868
              ],
              [
                113.7098333333,
                33.868
              ],
              [
                113.7099166667,
                33.868
              ],
              [
                113.71,
                33.868
              ],
              [
                113.7100833333,
                33.868
              ],
              [
                113.7101666667,
                33.868
              ],
              [
                113.71019579072937,
                33.868
              ],
              [
                113.71019191903707,
                33.86795492243952
              ],
              [
                113.70936180364652,
                33.86795492243952
              ],
              [
                113.70936335384339,
                33.86795414732173
              ],
              [
                113.70936761309035,
                33.86795151212546
              ],
              [
                113.7093715422042,
                33.86794854134869
              ],
              [
                113.7093751033454,
                33.867945263601634
              ],
              [
                113.70937826221824,
                33.86794171045078
              ],
              [
                113.70938098840102,
                33.86793791611491
              ],
              [
                113.70938325563915,
                33.867933917135566
              ],
              [
                113.70938504209785,
                33.86792975202509
              ],
              [
                113.70938633057256,
                33.86792546089578
              ],
              [
                113.70938710865457,
                33.86792108507357
              ],
              [
                113.70938736885051,
                33.8679166667
              ],
              [
                113.70938736885051,
                33.867787841977716
              ],
              [
                113.7093911945178,
                33.86778975485913
              ],
              [
                113.70939598819005,
                33.8677916462355
              ],
              [
                113.70940098100765,
                33.86779313653586
              ],
              [
                113.70940612488704,
                33.86779421140779
              ],
              [
                113.70941137028986,
                33.86779486049971
              ],
              [
                113.7094166667,
                33.86779507756048
              ],
              [
                113.70952929774948,
                33.86779507756048
              ],
              [
                113.70952929774948,
                33.8678333333
              ],
              [
                113.70952955794543,
                33.86783775167357
              ],
              [
                113.70953033602744,
                33.867842127495784
              ],
              [
                113.70953162450215,
                33.86784641862509
              ],
              [
                113.70953341096084,
                33.86785058373557
              ],
              [
                113.70953567819898,
                33.86785458271491
              ],
              [
                113.70953840438176,
                33.86785837705078
              ],
              [
                113.7095415632546,
                33.867861930201634
              ],
              [
                113.7095451243958,
                33.86786520794869
              ],
              [
                113.70954905350965,
                33.86786817872546
              ],
              [
                113.70955331275661,
                33.86787081392173
              ],
              [
                113.70955786111782,
                33.86787308815913
              ],
              [
                113.70956265479006,
                33.8678749795355
              ],
              [
                113.70956764760766,
                33.867876469835856
              ],
              [
                113.70957279148705,
                33.86787754470779
              ],
              [
                113.70957803688987,
                33.867878193799704
              ],
              [
                113.7095833333,
                33.86787841086048
              ],
              [
                113.70975,
                33.86787841086048
              ],
              [
                113.70975529641014,
                33.867878193799704
              ],
              [
                113.70976054181295,
                33.86787754470779
              ],
              [
                113.70976568569235,
                33.867876469835856
              ],
              [
                113.70977067850994,
                33.8678749795355
              ],
              [
                113.70977547218219,
                33.86787308815913
              ],
              [
                113.70978002054339,
                33.86787081392173
              ],
              [
                113.70978427979036,
                33.86786817872546
              ],
              [
                113.7097882089042,
                33.86786520794869
              ],
              [
                113.7097917700454,
                33.867861930201634
              ],
              [
                113.70979492891824,
                33.86785837705078
              ],
              [
                113.70979765510103,
                33.86785458271491
              ],
              [
                113.70979992233916,
                33.86785058373557
              ],
              [
                113.70980170879785,
                33.86784641862509
              ],
              [
                113.70980299727256,
                33.867842127495784
              ],
              [
                113.70980377535457,
                33.86783775167357
              ],
              [
                113.70980403555052,
                33.8678333333
              ],
              [
                113.70980403555052,
                33.86779507756048
              ],
              [
                113.7098333333,
                33.86779507756048
              ],
              [
                113.70983862971013,
                33.86779486049971
              ],
              [
                113.70984387511295,
                33.86779421140779
              ],
              [
                113.70984901899234,
                33.86779313653586
              ],
              [
                113.70985401180994,
                33.8677916462355
              ],
              [
                113.70985880548218,
                33.86778975485913
              ],
              [
                113.70986335384339,
                33.867787480621736
              ],
              [
                113.70986761309035,
                33.86778484542546
              ],
              [
                113.7098715422042,
                33.86778187464869
              ],
              [
                113.7098751033454,
                33.86777859690164
              ],
              [
                113.70987826221824,
                33.86777504375078
              ],
              [
                113.70988098840103,
                33.867771249414915
              ],
              [
                113.70988325563916,
                33.86776725043557
              ],
              [
                113.70988504209785,
                33.867763085325095
              ],
              [
                113.70988633057256,
                33.86775879419579
              ],
              [
                113.70988710865457,
                33.86775441837357
              ],
              [
                113.70988736885052,
                33.86775
              ],
              [
                113.70988736885052,
                33.86771174426048
              ],
              [
                113.71,
                33.86771174426048
              ],
              [
                113.71000529641013,
                33.86771152719971
              ],
              [
                113.71001054181295,
                33.86771087810779
              ],
              [
                113.71001568569234,
                33.86770980323586
              ],
              [
                113.71002067850993,
                33.867708312935505
              ],
              [
                113.71002547218218,
                33.867706421559134
              ],
              [
                113.71003002054339,
                33.86770414732174
              ],
              [
                113.71003427979035,
                33.867701512125464
              ],
              [
                113.7100382089042,
                33.867698541348695
              ],
              [
                113.7100417700454,
                33.86769526360164
              ],
              [
                113.71004492891824,
                33.867691710450785
              ],
              [
                113.71004765510102,
                33.86768791611492
              ],
              [
                113.71004992233915,
                33.86768391713557
              ],
              [
                113.71005170879785,
                33.8676797520251
              ],
              [
                113.71005299727256,
                33.86767546089579
              ],
              [
                113.71005377535457,
                33.867671085073574
              ],
              [
                113.71005403555051,
                33.8676666667
              ],
              [
                113.71005403555051,
                33.86746174426048
              ],
              [
                113.71019596444948,
                33.86746174426048
              ],
              [
                113.71019596444948,
                33.8675
              ],
              [
                113.71019622464543,
                33.86750441837357
              ],
              [
                113.71019700272744,
                33.867508794195786
              ],
              [
                113.71019829120215,
                33.86751308532509
              ],
              [
                113.71020007766084,
                33.86751725043557
              ],
              [
                113.71020234489897,
                33.867521249414914
              ],
              [
                113.71020507108176,
                33.86752504375078
              ],
              [
                113.7102082299546,
                33.867528596901636
              ],
              [
                113.7102117910958,
                33.86753187464869
              ],
              [
                113.71021572020965,
                33.86753484542546
              ],
              [
                113.71021997945661,
                33.867537480621735
              ],
              [
                113.71022452781781,
                33.86753975485913
              ],
              [
                113.71022932149006,
                33.8675416462355
              ],
              [
                113.71023431430766,
                33.86754313653586
              ],
              [
                113.71023945818705,
                33.86754421140779
              ],
              [
                113.71024470358986,
                33.867544860499706
              ],
              [
                113.71025,
                33.86754507756048
              ],
              [
                113.71027929774948,
                33.86754507756048
              ],
              [
                113.71027929774948,
                33.867567474790555
              ],
              [
                113.7103333333,
                33.867569076634936
              ],
              [
                113.7103333333,
                33.8675
              ],
              [
                113.71025,
                33.8675
              ],
              [
                113.71025,
                33.8674166667
              ],
              [
                113.7101666667,
                33.8674166667
              ],
              [
                113.7100833333,
                33.8674166667
              ],
              [
                113.71,
                33.8674166667
              ],
              [
                113.71,
                33.8675
              ],
              [
                113.71,
                33.8675833333
              ],
              [
                113.71,
                33.8676666667
              ],
              [
                113.7099166667,
                33.8676666667
              ],
              [
                113.7098333333,
                33.8676666667
              ],
              [
                113.7098333333,
                33.86775
              ],
              [
                113.70975,
                33.86775
              ],
              [
                113.70975,
                33.8678333333
              ],
              [
                113.7096666667,
                33.8678333333
              ],
              [
                113.7095833333,
                33.8678333333
              ],
              [
                113.7095833333,
                33.86775
              ],
              [
                113.7095,
                33.86775
              ],
              [
                113.7094166667,
                33.86775
              ],
              [
                113.7094166667,
                33.8676666667
              ],
              [
                113.7093333333,
                33.8676666667
              ],
              [
                113.7093333333,
                33.8675833333
              ],
              [
                113.70925,
                33.8675833333
              ],
              [
                113.7091666667,
                33.8675833333
              ],
              [
                113.7090833333,
                33.8675833333
              ],
              [
                113.7090833333,
                33.8676666667
              ],
              [
                113.7091666667,
                33.8676666667
              ],
              [
                113.70925,
                33.8676666667
              ],
              [
                113.70925,
                33.86775
              ],
              [
                113.7093333333,
                33.86775
              ],
              [
                113.7093333333,
                33.8678333333
              ],
              [
                113.7093333333,
                33.8679166667
              ],
              [
                113.70925,
                33.8679166667
              ],
              [
                113.70925,
                33.868
              ],
              [
                113.7093333333,
                33.868
              ],
              [
                113.7094166667,
                33.868
              ],
              [
                113.7095,
                33.868
              ]
            ],
            [
              [
                113.70927929774948,
                33.86762882467229
              ],
              [
                113.70927847014651,
                33.867628410860476
              ],
              [
                113.70927929774948,
                33.867628410860476
              ],
              [
                113.70927929774948,
                33.86762882467229
              ]
            ],
            [
              [
                113.70930403555052,
                33.86770492243952
              ],
              [
                113.70930403555052,
                33.86770450872772
              ],
              [
                113.70930486295346,
                33.86770492243952
              ],
              [
                113.70930403555052,
                33.86770492243952
              ]
            ],
            [
              [
                113.70936263114947,
                33.867712158022286
              ],
              [
                113.70936180364653,
                33.86771174426048
              ],
              [
                113.70936263114947,
                33.86771174426048
              ],
              [
                113.70936263114947,
                33.867712158022286
              ]
            ]
          ],
          [
            [
              [
                113.7101666667,
                33.86775
              ],
              [
                113.7101666667,
                33.8676666667
              ],
              [
                113.7101671608754,
                33.8676666667
              ],
              [
                113.71016330103018,
                33.8676217270735
              ],
              [
                113.71016137028987,
                33.8676218062003
              ],
              [
                113.71015612488705,
                33.867622455292214
              ],
              [
                113.71015098100766,
                33.867623530164146
              ],
              [
                113.71014598819006,
                33.8676250204645
              ],
              [
                113.71014119451782,
                33.86762691184087
              ],
              [
                113.71013664615661,
                33.86762918607827
              ],
              [
                113.71013238690965,
                33.86763182127454
              ],
              [
                113.7101284577958,
                33.86763479205131
              ],
              [
                113.7101248966546,
                33.86763806979837
              ],
              [
                113.71012173778176,
                33.86764162294922
              ],
              [
                113.71011901159898,
                33.86764541728509
              ],
              [
                113.71011674436085,
                33.867649416264435
              ],
              [
                113.71011495790215,
                33.86765358137491
              ],
              [
                113.71011366942744,
                33.86765787250422
              ],
              [
                113.71011289134543,
                33.86766224832643
              ],
              [
                113.71011263114949,
                33.8676666667
              ],
              [
                113.71011263114949,
                33.86775
              ],
              [
                113.71011289134543,
                33.86775441837357
              ],
              [
                113.71011366942744,
                33.86775879419579
              ],
              [
                113.71011495790215,
                33.867763085325095
              ],
              [
                113.71011674436085,
                33.86776725043557
              ],
              [
                113.71011901159898,
                33.867771249414915
              ],
              [
                113.71012173778176,
                33.86777504375078
              ],
              [
                113.7101248966546,
                33.86777859690164
              ],
              [
                113.7101284577958,
                33.86778187464869
              ],
              [
                113.71013238690965,
                33.86778484542546
              ],
              [
                113.71013664615661,
                33.867787480621736
              ],
              [
                113.71014119451782,
                33.86778975485913
              ],
              [
                113.71014598819006,
                33.8677916462355
              ],
              [
                113.71015098100766,
                33.86779313653586
              ],
              [
                113.71015612488705,
                33.86779421140779
              ],
              [
                113.71016137028987,
                33.86779486049971
              ],
              [
                113.7101666667,
                33.86779507756048
              ],
              [
                113.71017819002905,
                33.86779507756048
              ],
              [
                113.71017431833674,
                33.86775
              ],
              [
                113.7101666667,
                33.86775
              ]
            ]
          ],
          [
            [
              [
                113.71,
                33.86725
              ],
              [
                113.7100833333,
                33.86725
              ],
              [
                113.7100833333,
                33.8671666667
              ],
              [
                113.7101666667,
                33.8671666667
              ],
              [
                113.71025,
                33.8671666667
              ],
              [
                113.71025,
                33.8670833333
              ],
              [
                113.7101666667,
                33.8670833333
              ],
              [
                113.7101666667,
                33.867
              ],
              [
                113.7100833333,
                33.867
              ],
              [
                113.7100833333,
                33.8670833333
              ],
              [
                113.71,
                33.8670833333
              ],
              [
                113.71,
                33.8671666667
              ],
              [
                113.71,
                33.86725
              ]
            ],
            [
              [
                113.71013238690965,
                33.86711817872546
              ],
              [
                113.71013664615661,
                33.86712081392174
              ],
              [
                113.71013819655347,
                33.86712158913952
              ],
              [
                113.71011180344654,
                33.86712158913952
              ],
              [
                113.7101133538434,
                33.86712081392174
              ],
              [
                113.71011761309036,
                33.86711817872546
              ],
              [
                113.7101215422042,
                33.86711520794869
              ],
              [
                113.710125,
                33.867112025322854
              ],
              [
                113.7101284577958,
                33.86711520794869
              ],
              [
                113.71013238690965,
                33.86711817872546
              ]
            ],
            [
              [
                113.71005403555051,
                33.86712841086048
              ],
              [
                113.71005486315347,
                33.86712841086048
              ],
              [
                113.71005403555051,
                33.86712882467229
              ],
              [
                113.71005403555051,
                33.86712841086048
              ]
            ]
          ],
          [
            [
              [
                113.7100833333,
                33.8694166667
              ],
              [
                113.71,
                33.8694166667
              ],
              [
                113.7099166667,
                33.8694166667
              ],
              [
                113.7098333333,
                33.8694166667
              ],
              [
                113.70975,
                33.8694166667
              ],
              [
                113.7096666667,
                33.8694166667
              ],
              [
                113.7095833333,
                33.8694166667
              ],
              [
                113.7095833333,
                33.86944846790526
              ],
              [
                113.7097047817767,
                33.86946174426048
              ],
              [
                113.71010825289275,
                33.86946174426048
              ],
              [
                113.71011102819033,
                33.8694166667
              ],
              [
                113.7100833333,
                33.8694166667
              ]
            ]
          ],
          [
            [
              [
                113.7093333333,
                33.8673333333
              ],
              [
                113.7093333333,
                33.86725
              ],
              [
                113.70925,
                33.86725
              ],
              [
                113.70925,
                33.8673333333
              ],
              [
                113.70925,
                33.8674166667
              ],
              [
                113.7093333333,
                33.8674166667
              ],
              [
                113.7093333333,
                33.8673333333
              ]
            ]
          ],
          [
            [
              [
                113.70875,
                33.8693333333
              ],
              [
                113.7086666667,
                33.8693333333
              ],
              [
                113.7086666667,
                33.86925
              ],
              [
                113.7085833333,
                33.86925
              ],
              [
                113.7085,
                33.86925
              ],
              [
                113.7085,
                33.86933004140787
              ],
              [
                113.70855403555052,
                33.86933594839973
              ],
              [
                113.70855403555052,
                33.86929507756048
              ],
              [
                113.70861263114948,
                33.86929507756048
              ],
              [
                113.70861263114948,
                33.8693333333
              ],
              [
                113.70861289134542,
                33.86933775167357
              ],
              [
                113.70861366942744,
                33.869342127495784
              ],
              [
                113.708613774947,
                33.8693424789176
              ],
              [
                113.70875,
                33.86935737060042
              ],
              [
                113.70875,
                33.8693333333
              ]
            ]
          ],
          [
            [
              [
                113.7084166667,
                33.8676666667
              ],
              [
                113.7084166667,
                33.8675833333
              ],
              [
                113.7083333333,
                33.8675833333
              ],
              [
                113.7083333333,
                33.8676666667
              ],
              [
                113.7084166667,
                33.8676666667
              ]
            ]
          ],
          [
            [
              [
                113.7079166667,
                33.8679166667
              ],
              [
                113.7079166667,
                33.868
              ],
              [
                113.708,
                33.868
              ],
              [
                113.7080833333,
                33.868
              ],
              [
                113.7080833333,
                33.8679166667
              ],
              [
                113.708,
                33.8679166667
              ],
              [
                113.7079166667,
                33.8679166667
              ]
            ]
          ],
          [
            [
              [
                113.7079166667,
                33.867
              ],
              [
                113.7079166667,
                33.8669166667
              ],
              [
                113.7079166667,
                33.8668333333
              ],
              [
                113.7079166667,
                33.86675
              ],
              [
                113.7078333333,
                33.86675
              ],
              [
                113.7078333333,
                33.8666666667
              ],
              [
                113.70775,
                33.8666666667
              ],
              [
                113.70774900996746,
                33.8666666667
              ],
              [
                113.7077511024742,
                33.86671174426048
              ],
              [
                113.70777929774948,
                33.86671174426048
              ],
              [
                113.70777929774948,
                33.86675
              ],
              [
                113.70777955794543,
                33.866754418373574
              ],
              [
                113.70778033602744,
                33.86675879419579
              ],
              [
                113.70778162450215,
                33.8667630853251
              ],
              [
                113.70778341096084,
                33.86676725043557
              ],
              [
                113.70778567819897,
                33.86677124941492
              ],
              [
                113.70778840438176,
                33.866775043750785
              ],
              [
                113.7077915632546,
                33.86677859690164
              ],
              [
                113.7077951243958,
                33.866781874648694
              ],
              [
                113.70779905350965,
                33.866784845425464
              ],
              [
                113.70780331275661,
                33.86678748062174
              ],
              [
                113.70780786111781,
                33.866789754859134
              ],
              [
                113.70781265479006,
                33.866791646235505
              ],
              [
                113.70781764760765,
                33.86679313653586
              ],
              [
                113.70782279148705,
                33.86679421140779
              ],
              [
                113.70782803688986,
                33.86679486049971
              ],
              [
                113.7078333333,
                33.86679507756048
              ],
              [
                113.70786263114948,
                33.86679507756048
              ],
              [
                113.70786263114948,
                33.86720492243952
              ],
              [
                113.70777399587512,
                33.86720492243952
              ],
              [
                113.70777608838185,
                33.86725
              ],
              [
                113.7078333333,
                33.86725
              ],
              [
                113.7079166667,
                33.86725
              ],
              [
                113.7079166667,
                33.8671666667
              ],
              [
                113.7079166667,
                33.8670833333
              ],
              [
                113.7079166667,
                33.867
              ]
            ]
          ],
          [
            [
              [
                113.7079166667,
                33.86925
              ],
              [
                113.7079166667,
                33.86926627329557
              ],
              [
                113.70797070225052,
                33.86927218028743
              ],
              [
                113.70797070225052,
                33.86925
              ],
              [
                113.70797044205457,
                33.86924558162643
              ],
              [
                113.70796966397256,
                33.869241205804215
              ],
              [
                113.70796837549786,
                33.86923691467491
              ],
              [
                113.70796658903916,
                33.86923274956443
              ],
              [
                113.70796432180103,
                33.86922875058509
              ],
              [
                113.70796159561824,
                33.86922495624922
              ],
              [
                113.7079584367454,
                33.869221403098365
              ],
              [
                113.7079548756042,
                33.86921812535131
              ],
              [
                113.70795094649036,
                33.86921515457454
              ],
              [
                113.70794668724339,
                33.869212519378266
              ],
              [
                113.70794213888219,
                33.86921024514087
              ],
              [
                113.70793734520994,
                33.8692083537645
              ],
              [
                113.70793235239235,
                33.86920686346414
              ],
              [
                113.70792720851296,
                33.86920578859221
              ],
              [
                113.70792196311014,
                33.869205139500295
              ],
              [
                113.7079166667,
                33.86920492243952
              ],
              [
                113.70788736885052,
                33.86920492243952
              ],
              [
                113.70788736885052,
                33.8691666667
              ],
              [
                113.70788710865457,
                33.86916224832643
              ],
              [
                113.70788633057256,
                33.86915787250422
              ],
              [
                113.70788504209786,
                33.86915358137491
              ],
              [
                113.70788325563916,
                33.869149416264435
              ],
              [
                113.70788098840103,
                33.86914541728509
              ],
              [
                113.70787826221824,
                33.86914162294922
              ],
              [
                113.7078751033454,
                33.86913806979837
              ],
              [
                113.7078715422042,
                33.86913479205131
              ],
              [
                113.70786761309036,
                33.86913182127454
              ],
              [
                113.7078633538434,
                33.86912918607827
              ],
              [
                113.70786331967261,
                33.86912916899245
              ],
              [
                113.70786892866509,
                33.86925
              ],
              [
                113.7079166667,
                33.86925
              ]
            ]
          ],
          [
            [
              [
                113.7084166667,
                33.86925
              ],
              [
                113.7083333333,
                33.86925
              ],
              [
                113.7083333333,
                33.8691666667
              ],
              [
                113.70825,
                33.8691666667
              ],
              [
                113.7081666667,
                33.8691666667
              ],
              [
                113.7080833333,
                33.8691666667
              ],
              [
                113.7080833333,
                33.8690833333
              ],
              [
                113.708,
                33.8690833333
              ],
              [
                113.708,
                33.869
              ],
              [
                113.708,
                33.8689166667
              ],
              [
                113.708,
                33.8688333333
              ],
              [
                113.708,
                33.86875
              ],
              [
                113.7079166667,
                33.86875
              ],
              [
                113.70784571859429,
                33.86875
              ],
              [
                113.70784781110102,
                33.86879507756048
              ],
              [
                113.70794596444948,
                33.86879507756048
              ],
              [
                113.70794596444948,
                33.8690833333
              ],
              [
                113.70794622464543,
                33.86908775167357
              ],
              [
                113.70794700272744,
                33.86909212749578
              ],
              [
                113.70794829120214,
                33.86909641862509
              ],
              [
                113.70795007766084,
                33.869100583735566
              ],
              [
                113.70795234489897,
                33.86910458271491
              ],
              [
                113.70795507108176,
                33.86910837705078
              ],
              [
                113.7079582299546,
                33.86911193020163
              ],
              [
                113.7079617910958,
                33.86911520794869
              ],
              [
                113.70796572020964,
                33.86911817872546
              ],
              [
                113.7079699794566,
                33.86912081392173
              ],
              [
                113.70797452781781,
                33.86912308815913
              ],
              [
                113.70797932149006,
                33.8691249795355
              ],
              [
                113.70798431430765,
                33.869126469835855
              ],
              [
                113.70798945818704,
                33.86912754470779
              ],
              [
                113.70799470358986,
                33.8691281937997
              ],
              [
                113.708,
                33.869128410860476
              ],
              [
                113.70802929774948,
                33.869128410860476
              ],
              [
                113.70802929774948,
                33.8691666667
              ],
              [
                113.70802955794542,
                33.869171085073575
              ],
              [
                113.70803033602743,
                33.86917546089579
              ],
              [
                113.70803162450214,
                33.8691797520251
              ],
              [
                113.70803341096084,
                33.86918391713557
              ],
              [
                113.70803567819897,
                33.86918791611492
              ],
              [
                113.70803840438175,
                33.869191710450785
              ],
              [
                113.7080415632546,
                33.86919526360164
              ],
              [
                113.7080451243958,
                33.869198541348695
              ],
              [
                113.70804905350964,
                33.869201512125464
              ],
              [
                113.7080533127566,
                33.86920414732174
              ],
              [
                113.70805786111781,
                33.869206421559134
              ],
              [
                113.70806265479006,
                33.869208312935505
              ],
              [
                113.70806764760765,
                33.86920980323586
              ],
              [
                113.70807279148704,
                33.86921087810779
              ],
              [
                113.70807803688986,
                33.86921152719971
              ],
              [
                113.7080833333,
                33.86921174426048
              ],
              [
                113.70827929774948,
                33.86921174426048
              ],
              [
                113.70827929774948,
                33.86925
              ],
              [
                113.70827955794543,
                33.86925441837357
              ],
              [
                113.70828033602744,
                33.86925879419579
              ],
              [
                113.70828162450215,
                33.869263085325095
              ],
              [
                113.70828341096085,
                33.86926725043557
              ],
              [
                113.70828567819898,
                33.869271249414915
              ],
              [
                113.70828840438176,
                33.86927504375078
              ],
              [
                113.7082915632546,
                33.86927859690164
              ],
              [
                113.7082951243958,
                33.86928187464869
              ],
              [
                113.70829905350965,
                33.86928484542546
              ],
              [
                113.70830331275661,
                33.869287480621736
              ],
              [
                113.70830786111782,
                33.86928975485913
              ],
              [
                113.70831265479006,
                33.8692916462355
              ],
              [
                113.7083127231829,
                33.86929166665
              ],
              [
                113.70831265479006,
                33.869291687064496
              ],
              [
                113.70830786111782,
                33.86929357844087
              ],
              [
                113.70830331275661,
                33.86929585267826
              ],
              [
                113.70829905350965,
                33.86929848787454
              ],
              [
                113.7082951243958,
                33.86930145865131
              ],
              [
                113.7082915632546,
                33.86930473639836
              ],
              [
                113.70828952183922,
                33.86930703261514
              ],
              [
                113.7084166667,
                33.86932093168067
              ],
              [
                113.7084166667,
                33.86925
              ]
            ]
          ],
          [
            [
              [
                113.7078333333,
                33.8684166667
              ],
              [
                113.7078333333,
                33.8683333333
              ],
              [
                113.7078333333,
                33.86825
              ],
              [
                113.7078333333,
                33.8681666667
              ],
              [
                113.70781864017988,
                33.8681666667
              ],
              [
                113.7078333333,
                33.868483191372384
              ],
              [
                113.7078333333,
                33.8684166667
              ]
            ]
          ]
        ]
      }
    },
    {
      "type": "Feature",
      "properties": {
        "名称": "免侦察内部",
        "source_year": 2021,
        "resolution_m": 10
      },
      "geometry": {
        "type": "MultiPolygon",
        "coordinates": [
          [
            [
              [
                113.70746432180103,
                33.862687916114915
              ],
              [
                113.70746159561824,
                33.86269171045078
              ],
              [
                113.7074584367454,
                33.86269526360164
              ],
              [
                113.7074548756042,
                33.86269854134869
              ],
              [
                113.70745094649035,
                33.86270151212546
              ],
              [
                113.70744668724339,
                33.862704147321736
              ],
              [
                113.70744213888219,
                33.86270642155913
              ],
              [
                113.70743734520994,
                33.8627083129355
              ],
              [
                113.70743235239235,
                33.86270980323586
              ],
              [
                113.70742720851295,
                33.86271087810779
              ],
              [
                113.70742196311014,
                33.86271152719971
              ],
              [
                113.7074166667,
                33.86271174426048
              ],
              [
                113.70738736885052,
                33.86271174426048
              ],
              [
                113.70738736885052,
                33.86275
              ],
              [
                113.70738710865457,
                33.86275441837357
              ],
              [
                113.70738633057256,
                33.862758794195784
              ],
              [
                113.70738504209785,
                33.86276308532509
              ],
              [
                113.70738325563916,
                33.86276725043557
              ],
              [
                113.70738098840103,
                33.86277124941491
              ],
              [
                113.70737826221824,
                33.86277504375078
              ],
              [
                113.7073751033454,
                33.862778596901634
              ],
              [
                113.7073715422042,
                33.86278187464869
              ],
              [
                113.70736761309036,
                33.86278484542546
              ],
              [
                113.70736335384339,
                33.86278748062173
              ],
              [
                113.70735880548219,
                33.86278975485913
              ],
              [
                113.70735401180994,
                33.8627916462355
              ],
              [
                113.70734901899235,
                33.862793136535856
              ],
              [
                113.70734387511295,
                33.86279421140779
              ],
              [
                113.70733862971014,
                33.862794860499704
              ],
              [
                113.7073333333,
                33.86279507756048
              ],
              [
                113.70730403555052,
                33.86279507756048
              ],
              [
                113.70730403555052,
                33.863121589139524
              ],
              [
                113.7073333333,
                33.863121589139524
              ],
              [
                113.70733862971014,
                33.8631218062003
              ],
              [
                113.70734387511295,
                33.86312245529221
              ],
              [
                113.70734901899235,
                33.863123530164145
              ],
              [
                113.70735401180994,
                33.8631250204645
              ],
              [
                113.70735880548219,
                33.86312691184087
              ],
              [
                113.70736335384339,
                33.86312918607827
              ],
              [
                113.70736761309036,
                33.86313182127454
              ],
              [
                113.7073715422042,
                33.86313479205131
              ],
              [
                113.7073751033454,
                33.86313806979837
              ],
              [
                113.70737826221824,
                33.86314162294922
              ],
              [
                113.70738098840103,
                33.86314541728509
              ],
              [
                113.70738325563916,
                33.863149416264434
              ],
              [
                113.70738504209785,
                33.86315358137491
              ],
              [
                113.70738633057256,
                33.86315787250422
              ],
              [
                113.70738710865457,
                33.86316224832643
              ],
              [
                113.70738736885052,
                33.8631666667
              ],
              [
                113.70738736885052,
                33.86353825573952
              ],
              [
                113.7074166667,
                33.86353825573952
              ],
              [
                113.70742196311014,
                33.86353847280029
              ],
              [
                113.70742720851295,
                33.86353912189221
              ],
              [
                113.70743235239235,
                33.86354019676414
              ],
              [
                113.70743734520994,
                33.8635416870645
              ],
              [
                113.70744213888219,
                33.86354357844087
              ],
              [
                113.70744668724339,
                33.863545852678264
              ],
              [
                113.70745094649035,
                33.86354848787454
              ],
              [
                113.7074548756042,
                33.86355145865131
              ],
              [
                113.7074584367454,
                33.86355473639836
              ],
              [
                113.70746159561824,
                33.86355828954922
              ],
              [
                113.70746432180103,
                33.863562083885085
              ],
              [
                113.70746658903916,
                33.86356608286443
              ],
              [
                113.70746837549785,
                33.863570247974906
              ],
              [
                113.70746966397256,
                33.863574539104214
              ],
              [
                113.70747044205457,
                33.86357891492643
              ],
              [
                113.70747070225052,
                33.8635833333
              ],
              [
                113.70747070225052,
                33.86362158913952
              ],
              [
                113.7075,
                33.86362158913952
              ],
              [
                113.70750529641013,
                33.86362180620029
              ],
              [
                113.70751054181295,
                33.86362245529221
              ],
              [
                113.70751568569234,
                33.86362353016414
              ],
              [
                113.70752067850994,
                33.8636250204645
              ],
              [
                113.70752547218218,
                33.86362691184087
              ],
              [
                113.70753002054339,
                33.86362918607826
              ],
              [
                113.70753427979035,
                33.86363182127454
              ],
              [
                113.7075382089042,
                33.86363479205131
              ],
              [
                113.70754166665,
                33.863637974631125
              ],
              [
                113.70754512439579,
                33.86363479205131
              ],
              [
                113.70754905350964,
                33.86363182127454
              ],
              [
                113.7075533127566,
                33.86362918607826
              ],
              [
                113.7075578611178,
                33.86362691184087
              ],
              [
                113.70756265479005,
                33.8636250204645
              ],
              [
                113.70756764760765,
                33.86362353016414
              ],
              [
                113.70757279148704,
                33.86362245529221
              ],
              [
                113.70757803688986,
                33.86362180620029
              ],
              [
                113.7075833333,
                33.86362158913952
              ],
              [
                113.70761263114949,
                33.86362158913952
              ],
              [
                113.70761263114949,
                33.8634166667
              ],
              [
                113.70761289134543,
                33.863412248326426
              ],
              [
                113.70761366942745,
                33.86340787250421
              ],
              [
                113.70761495790215,
                33.863403581374904
              ],
              [
                113.70761674436085,
                33.86339941626443
              ],
              [
                113.70761901159898,
                33.86339541728508
              ],
              [
                113.70762173778176,
                33.863391622949216
              ],
              [
                113.70762489665461,
                33.86338806979836
              ],
              [
                113.7076284577958,
                33.863384792051306
              ],
              [
                113.70763238690965,
                33.86338182127454
              ],
              [
                113.70763664615662,
                33.86337918607826
              ],
              [
                113.70764119451782,
                33.86337691184087
              ],
              [
                113.70764598819007,
                33.863375020464495
              ],
              [
                113.70765098100766,
                33.86337353016414
              ],
              [
                113.70765612488705,
                33.86337245529221
              ],
              [
                113.70766137028987,
                33.86337180620029
              ],
              [
                113.7076666667,
                33.86337158913952
              ],
              [
                113.70775,
                33.86337158913952
              ],
              [
                113.70775529641014,
                33.86337180620029
              ],
              [
                113.70776054181296,
                33.86337245529221
              ],
              [
                113.70776568569235,
                33.86337353016414
              ],
              [
                113.70777067850995,
                33.863375020464495
              ],
              [
                113.70777547218219,
                33.86337691184087
              ],
              [
                113.7077800205434,
                33.86337918607826
              ],
              [
                113.70778427979036,
                33.86338182127454
              ],
              [
                113.7077882089042,
                33.863384792051306
              ],
              [
                113.7077917700454,
                33.86338806979836
              ],
              [
                113.70779492891825,
                33.863391622949216
              ],
              [
                113.70779765510103,
                33.86339541728508
              ],
              [
                113.70779992233916,
                33.86339941626443
              ],
              [
                113.70780170879786,
                33.863403581374904
              ],
              [
                113.70780299727257,
                33.86340787250421
              ],
              [
                113.70780377535458,
                33.863412248326426
              ],
              [
                113.70780403555052,
                33.8634166667
              ],
              [
                113.70780403555052,
                33.86345492243952
              ],
              [
                113.7078333333,
                33.86345492243952
              ],
              [
                113.70783862971014,
                33.863455139500296
              ],
              [
                113.70784387511296,
                33.86345578859221
              ],
              [
                113.70784901899235,
                33.863456863464144
              ],
              [
                113.70785401180994,
                33.8634583537645
              ],
              [
                113.70785880548219,
                33.86346024514087
              ],
              [
                113.7078633538434,
                33.86346251937827
              ],
              [
                113.70786761309036,
                33.86346515457454
              ],
              [
                113.7078715422042,
                33.86346812535131
              ],
              [
                113.7078751033454,
                33.863471403098366
              ],
              [
                113.70787826221824,
                33.86347495624922
              ],
              [
                113.70788098840103,
                33.86347875058509
              ],
              [
                113.70788325563916,
                33.86348274956443
              ],
              [
                113.70788504209786,
                33.86348691467491
              ],
              [
                113.70788633057256,
                33.863491205804216
              ],
              [
                113.70788710865457,
                33.86349558162643
              ],
              [
                113.70788736885052,
                33.8635
              ],
              [
                113.70788736885052,
                33.86353825573952
              ],
              [
                113.7079166667,
                33.86353825573952
              ],
              [
                113.70792196311014,
                33.86353847280029
              ],
              [
                113.70792720851296,
                33.86353912189221
              ],
              [
                113.70793235239235,
                33.86354019676414
              ],
              [
                113.70793734520994,
                33.8635416870645
              ],
              [
                113.70794213888219,
                33.86354357844087
              ],
              [
                113.70794668724339,
                33.863545852678264
              ],
              [
                113.70795094649036,
                33.86354848787454
              ],
              [
                113.7079548756042,
                33.86355145865131
              ],
              [
                113.7079584367454,
                33.86355473639836
              ],
              [
                113.70796159561824,
                33.86355828954922
              ],
              [
                113.70796432180103,
                33.863562083885085
              ],
              [
                113.70796658903916,
                33.86356608286443
              ],
              [
                113.70796837549786,
                33.863570247974906
              ],
              [
                113.70796966397256,
                33.863574539104214
              ],
              [
                113.70797044205457,
                33.86357891492643
              ],
              [
                113.70797070225052,
                33.8635833333
              ],
              [
                113.70797070225052,
                33.864
              ],
              [
                113.70797044205457,
                33.86400441837357
              ],
              [
                113.70796966397256,
                33.86400879419578
              ],
              [
                113.70796837549786,
                33.86401308532509
              ],
              [
                113.70796658903916,
                33.864017250435566
              ],
              [
                113.70796432180103,
                33.86402124941491
              ],
              [
                113.70796159561824,
                33.86402504375078
              ],
              [
                113.7079584367454,
                33.86402859690163
              ],
              [
                113.7079548756042,
                33.86403187464869
              ],
              [
                113.70795094649036,
                33.86403484542546
              ],
              [
                113.70794668724339,
                33.86403748062173
              ],
              [
                113.70794213888219,
                33.86403975485913
              ],
              [
                113.70793734520994,
                33.8640416462355
              ],
              [
                113.70793235239235,
                33.864043136535855
              ],
              [
                113.70792720851296,
                33.86404421140779
              ],
              [
                113.70792196311014,
                33.8640448604997
              ],
              [
                113.7079166667,
                33.864045077560476
              ],
              [
                113.7078333333,
                33.864045077560476
              ],
              [
                113.70782803688986,
                33.8640448604997
              ],
              [
                113.70782279148705,
                33.86404421140779
              ],
              [
                113.70781764760765,
                33.864043136535855
              ],
              [
                113.70781265479006,
                33.8640416462355
              ],
              [
                113.70780786111781,
                33.86403975485913
              ],
              [
                113.70780331275661,
                33.86403748062173
              ],
              [
                113.70779905350965,
                33.86403484542546
              ],
              [
                113.7077951243958,
                33.86403187464869
              ],
              [
                113.7077915632546,
                33.86402859690163
              ],
              [
                113.70778840438176,
                33.86402504375078
              ],
              [
                113.70778567819897,
                33.86402124941491
              ],
              [
                113.70778341096084,
                33.864017250435566
              ],
              [
                113.70778162450215,
                33.86401308532509
              ],
              [
                113.70778033602744,
                33.86400879419578
              ],
              [
                113.70777955794543,
                33.86400441837357
              ],
              [
                113.70777929774948,
                33.864
              ],
              [
                113.70777929774948,
                33.86396174426048
              ],
              [
                113.70775,
                33.86396174426048
              ],
              [
                113.70774470358987,
                33.863961527199706
              ],
              [
                113.70773945818705,
                33.86396087810779
              ],
              [
                113.70773431430766,
                33.86395980323586
              ],
              [
                113.70772932149006,
                33.8639583129355
              ],
              [
                113.70772452781782,
                33.86395642155913
              ],
              [
                113.70771997945661,
                33.863954147321735
              ],
              [
                113.70771572020965,
                33.86395151212546
              ],
              [
                113.7077117910958,
                33.86394854134869
              ],
              [
                113.7077082299546,
                33.863945263601636
              ],
              [
                113.70770507108176,
                33.86394171045078
              ],
              [
                113.70770234489898,
                33.863937916114914
              ],
              [
                113.70770007766085,
                33.86393391713557
              ],
              [
                113.70769829120215,
                33.86392975202509
              ],
              [
                113.70769700272744,
                33.863925460895786
              ],
              [
                113.70769622464543,
                33.86392108507357
              ],
              [
                113.70769596444948,
                33.8639166667
              ],
              [
                113.70769596444948,
                33.86387841086048
              ],
              [
                113.70763736885051,
                33.86387841086048
              ],
              [
                113.70763736885051,
                33.8639166667
              ],
              [
                113.70763710865457,
                33.86392108507357
              ],
              [
                113.70763633057256,
                33.863925460895786
              ],
              [
                113.70763504209785,
                33.86392975202509
              ],
              [
                113.70763325563915,
                33.86393391713557
              ],
              [
                113.70763098840102,
                33.863937916114914
              ],
              [
                113.70762826221824,
                33.86394171045078
              ],
              [
                113.70762510334539,
                33.863945263601636
              ],
              [
                113.7076215422042,
                33.86394854134869
              ],
              [
                113.70761761309035,
                33.86395151212546
              ],
              [
                113.70761335384339,
                33.863954147321735
              ],
              [
                113.70760880548218,
                33.86395642155913
              ],
              [
                113.70760401180993,
                33.8639583129355
              ],
              [
                113.70759901899234,
                33.86395980323586
              ],
              [
                113.70759387511295,
                33.86396087810779
              ],
              [
                113.70758862971013,
                33.863961527199706
              ],
              [
                113.7075833333,
                33.86396174426048
              ],
              [
                113.70755403555052,
                33.86396174426048
              ],
              [
                113.70755403555052,
                33.864
              ],
              [
                113.70755377535457,
                33.86400441837357
              ],
              [
                113.70755299727256,
                33.86400879419578
              ],
              [
                113.70755170879785,
                33.86401308532509
              ],
              [
                113.70754992233915,
                33.864017250435566
              ],
              [
                113.70754765510102,
                33.86402124941491
              ],
              [
                113.70754492891824,
                33.86402504375078
              ],
              [
                113.7075417700454,
                33.86402859690163
              ],
              [
                113.7075382089042,
                33.86403187464869
              ],
              [
                113.70753427979035,
                33.86403484542546
              ],
              [
                113.70753002054339,
                33.86403748062173
              ],
              [
                113.70752547218218,
                33.86403975485913
              ],
              [
                113.70752067850994,
                33.8640416462355
              ],
              [
                113.70751568569234,
                33.864043136535855
              ],
              [
                113.70751054181295,
                33.86404421140779
              ],
              [
                113.70750529641013,
                33.8640448604997
              ],
              [
                113.7075,
                33.864045077560476
              ],
              [
                113.70747070225052,
                33.864045077560476
              ],
              [
                113.70747070225052,
                33.8640833333
              ],
              [
                113.70747044205457,
                33.86408775167357
              ],
              [
                113.70746966397256,
                33.86409212749579
              ],
              [
                113.70746837549785,
                33.864096418625095
              ],
              [
                113.70746658903916,
                33.86410058373557
              ],
              [
                113.70746432180103,
                33.864104582714916
              ],
              [
                113.70746159561824,
                33.86410837705078
              ],
              [
                113.7074584367454,
                33.86411193020164
              ],
              [
                113.7074548756042,
                33.86411520794869
              ],
              [
                113.70745094649035,
                33.86411817872546
              ],
              [
                113.70744668724339,
                33.86412081392174
              ],
              [
                113.70744213888219,
                33.86412308815913
              ],
              [
                113.70743734520994,
                33.864124979535504
              ],
              [
                113.70743235239235,
                33.86412646983586
              ],
              [
                113.70742720851295,
                33.86412754470779
              ],
              [
                113.70742196311014,
                33.86412819379971
              ],
              [
                113.7074166667,
                33.86412841086048
              ],
              [
                113.70738736885052,
                33.86412841086048
              ],
              [
                113.70738736885052,
                33.8641666667
              ],
              [
                113.70738710865457,
                33.86417108507357
              ],
              [
                113.70738633057256,
                33.86417546089579
              ],
              [
                113.70738504209785,
                33.864179752025095
              ],
              [
                113.70738325563916,
                33.86418391713557
              ],
              [
                113.70738098840103,
                33.864187916114915
              ],
              [
                113.70737826221824,
                33.86419171045078
              ],
              [
                113.7073751033454,
                33.86419526360164
              ],
              [
                113.7073715422042,
                33.86419854134869
              ],
              [
                113.70736761309036,
                33.86420151212546
              ],
              [
                113.70736335384339,
                33.864204147321736
              ],
              [
                113.70735880548219,
                33.86420642155913
              ],
              [
                113.70735401180994,
                33.8642083129355
              ],
              [
                113.70734901899235,
                33.86420980323586
              ],
              [
                113.70734387511295,
                33.86421087810779
              ],
              [
                113.70733862971014,
                33.86421152719971
              ],
              [
                113.7073333333,
                33.86421174426048
              ],
              [
                113.70730403555052,
                33.86421174426048
              ],
              [
                113.70730403555052,
                33.86425
              ],
              [
                113.70730377535457,
                33.86425441837357
              ],
              [
                113.70730299727256,
                33.864258794195784
              ],
              [
                113.70730170879786,
                33.86426308532509
              ],
              [
                113.70729992233916,
                33.86426725043557
              ],
              [
                113.70729765510103,
                33.86427124941491
              ],
              [
                113.70729492891824,
                33.86427504375078
              ],
              [
                113.7072917700454,
                33.864278596901634
              ],
              [
                113.7072882089042,
                33.86428187464869
              ],
              [
                113.70728427979036,
                33.86428484542546
              ],
              [
                113.7072800205434,
                33.86428748062173
              ],
              [
                113.70727547218219,
                33.86428975485913
              ],
              [
                113.70727067850994,
                33.8642916462355
              ],
              [
                113.70726568569235,
                33.864293136535856
              ],
              [
                113.70726054181296,
                33.86429421140779
              ],
              [
                113.70725529641014,
                33.864294860499704
              ],
              [
                113.70725,
                33.86429507756048
              ],
              [
                113.70722070225052,
                33.86429507756048
              ],
              [
                113.70722070225052,
                33.86432812437378
              ],
              [
                113.70736263114948,
                33.86433977911913
              ],
              [
                113.70736263114948,
                33.86425
              ],
              [
                113.70736289134543,
                33.86424558162643
              ],
              [
                113.70736366942744,
                33.86424120580421
              ],
              [
                113.70736495790214,
                33.864236914674905
              ],
              [
                113.70736674436084,
                33.86423274956443
              ],
              [
                113.70736901159897,
                33.864228750585085
              ],
              [
                113.70737173778176,
                33.86422495624922
              ],
              [
                113.7073748966546,
                33.86422140309836
              ],
              [
                113.7073784577958,
                33.86421812535131
              ],
              [
                113.70738238690964,
                33.86421515457454
              ],
              [
                113.7073866461566,
                33.86421251937826
              ],
              [
                113.70739119451781,
                33.86421024514087
              ],
              [
                113.70739598819006,
                33.8642083537645
              ],
              [
                113.70740098100765,
                33.86420686346414
              ],
              [
                113.70740612488704,
                33.86420578859221
              ],
              [
                113.70741137028986,
                33.86420513950029
              ],
              [
                113.7074166667,
                33.86420492243952
              ],
              [
                113.70744596444948,
                33.86420492243952
              ],
              [
                113.70744596444948,
                33.8641666667
              ],
              [
                113.70744622464542,
                33.86416224832643
              ],
              [
                113.70744700272743,
                33.864157872504215
              ],
              [
                113.70744829120214,
                33.86415358137491
              ],
              [
                113.70745007766084,
                33.86414941626443
              ],
              [
                113.70745234489897,
                33.86414541728509
              ],
              [
                113.70745507108175,
                33.86414162294922
              ],
              [
                113.7074582299546,
                33.864138069798365
              ],
              [
                113.7074617910958,
                33.86413479205131
              ],
              [
                113.70746572020964,
                33.86413182127454
              ],
              [
                113.7074699794566,
                33.864129186078266
              ],
              [
                113.70747452781781,
                33.86412691184087
              ],
              [
                113.70747932149006,
                33.8641250204645
              ],
              [
                113.70748431430765,
                33.86412353016414
              ],
              [
                113.70748945818704,
                33.86412245529221
              ],
              [
                113.70749470358986,
                33.864121806200295
              ],
              [
                113.7075,
                33.86412158913952
              ],
              [
                113.7075833333,
                33.86412158913952
              ],
              [
                113.70758862971013,
                33.864121806200295
              ],
              [
                113.70759387511295,
                33.86412245529221
              ],
              [
                113.70759901899234,
                33.86412353016414
              ],
              [
                113.70760401180993,
                33.8641250204645
              ],
              [
                113.70760880548218,
                33.86412691184087
              ],
              [
                113.70761335384339,
                33.864129186078266
              ],
              [
                113.70761761309035,
                33.86413182127454
              ],
              [
                113.7076215422042,
                33.86413479205131
              ],
              [
                113.70762510334539,
                33.864138069798365
              ],
              [
                113.70762826221824,
                33.86414162294922
              ],
              [
                113.70763098840102,
                33.86414541728509
              ],
              [
                113.70763325563915,
                33.86414941626443
              ],
              [
                113.70763504209785,
                33.86415358137491
              ],
              [
                113.70763633057256,
                33.864157872504215
              ],
              [
                113.70763710865457,
                33.86416224832643
              ],
              [
                113.70763736885051,
                33.8641666667
              ],
              [
                113.70763736885051,
                33.86445492243952
              ],
              [
                113.7076666667,
                33.86445492243952
              ],
              [
                113.70767196311014,
                33.86445513950029
              ],
              [
                113.70767720851296,
                33.86445578859221
              ],
              [
                113.70768235239235,
                33.86445686346414
              ],
              [
                113.70768734520995,
                33.8644583537645
              ],
              [
                113.7076921388822,
                33.86446024514087
              ],
              [
                113.7076966872434,
                33.864462519378264
              ],
              [
                113.70770094649036,
                33.86446515457454
              ],
              [
                113.70770487560421,
                33.86446812535131
              ],
              [
                113.7077084367454,
                33.864471403098364
              ],
              [
                113.70771159561825,
                33.86447495624922
              ],
              [
                113.70771432180103,
                33.864478750585086
              ],
              [
                113.70771658903917,
                33.86448274956443
              ],
              [
                113.70771837549786,
                33.864486914674906
              ],
              [
                113.70771966397257,
                33.864491205804214
              ],
              [
                113.70772044205458,
                33.86449558162643
              ],
              [
                113.70772070225053,
                33.8645
              ],
              [
                113.70772070225053,
                33.864621589139524
              ],
              [
                113.70775,
                33.864621589139524
              ],
              [
                113.70775529641014,
                33.8646218062003
              ],
              [
                113.70776054181296,
                33.86462245529221
              ],
              [
                113.70776568569235,
                33.864623530164145
              ],
              [
                113.70777067850995,
                33.8646250204645
              ],
              [
                113.70777547218219,
                33.86462691184087
              ],
              [
                113.7077800205434,
                33.86462918607827
              ],
              [
                113.70778427979036,
                33.86463182127454
              ],
              [
                113.7077882089042,
                33.86463479205131
              ],
              [
                113.7077917700454,
                33.86463806979837
              ],
              [
                113.70779492891825,
                33.86464162294922
              ],
              [
                113.70779765510103,
                33.86464541728509
              ],
              [
                113.70779992233916,
                33.864649416264434
              ],
              [
                113.70780170879786,
                33.86465358137491
              ],
              [
                113.70780299727257,
                33.86465787250422
              ],
              [
                113.70780377535458,
                33.86466224832643
              ],
              [
                113.70780403555052,
                33.8646666667
              ],
              [
                113.70780403555052,
                33.86475
              ],
              [
                113.70780377535458,
                33.86475441837357
              ],
              [
                113.70780299727257,
                33.86475879419579
              ],
              [
                113.70780170879786,
                33.864763085325094
              ],
              [
                113.70779992233916,
                33.86476725043557
              ],
              [
                113.70779765510103,
                33.864771249414915
              ],
              [
                113.70779492891825,
                33.86477504375078
              ],
              [
                113.7077917700454,
                33.86477859690164
              ],
              [
                113.7077882089042,
                33.86478187464869
              ],
              [
                113.70778427979036,
                33.86478484542546
              ],
              [
                113.7077800205434,
                33.864787480621736
              ],
              [
                113.70777547218219,
                33.86478975485913
              ],
              [
                113.70777067850995,
                33.8647916462355
              ],
              [
                113.70776568569235,
                33.86479313653586
              ],
              [
                113.70776054181296,
                33.86479421140779
              ],
              [
                113.70775529641014,
                33.86479486049971
              ],
              [
                113.70775,
                33.86479507756048
              ],
              [
                113.70763736885051,
                33.86479507756048
              ],
              [
                113.70763736885051,
                33.8648333333
              ],
              [
                113.70763710865457,
                33.86483775167357
              ],
              [
                113.70763633057256,
                33.864842127495784
              ],
              [
                113.70763504209785,
                33.86484641862509
              ],
              [
                113.70763325563915,
                33.86485058373557
              ],
              [
                113.70763098840102,
                33.86485458271491
              ],
              [
                113.70762826221824,
                33.86485837705078
              ],
              [
                113.70762510334539,
                33.864861930201634
              ],
              [
                113.70762262635472,
                33.864864210074415
              ],
              [
                113.70767121203949,
                33.865371775419455
              ],
              [
                113.70767196311014,
                33.865371806200294
              ],
              [
                113.70767720851296,
                33.86537245529221
              ],
              [
                113.70768235239235,
                33.86537353016414
              ],
              [
                113.70768734520995,
                33.8653750204645
              ],
              [
                113.7076921388822,
                33.86537691184087
              ],
              [
                113.7076966872434,
                33.865379186078265
              ],
              [
                113.70770094649036,
                33.86538182127454
              ],
              [
                113.70770487560421,
                33.86538479205131
              ],
              [
                113.7077084367454,
                33.865388069798364
              ],
              [
                113.70771159561825,
                33.86539162294922
              ],
              [
                113.70771432180103,
                33.865395417285086
              ],
              [
                113.70771658903917,
                33.86539941626443
              ],
              [
                113.70771837549786,
                33.865403581374906
              ],
              [
                113.70771966397257,
                33.865407872504214
              ],
              [
                113.70772044205458,
                33.86541224832643
              ],
              [
                113.70772070225053,
                33.8654166667
              ],
              [
                113.70772070225053,
                33.86553825573952
              ],
              [
                113.7080833333,
                33.86553825573952
              ],
              [
                113.70808862971013,
                33.865538472800296
              ],
              [
                113.70809387511295,
                33.86553912189221
              ],
              [
                113.70809901899234,
                33.865540196764144
              ],
              [
                113.70810401180994,
                33.8655416870645
              ],
              [
                113.70810880548218,
                33.86554357844087
              ],
              [
                113.70811335384339,
                33.86554585267827
              ],
              [
                113.70811761309035,
                33.86554848787454
              ],
              [
                113.7081215422042,
                33.86555145865131
              ],
              [
                113.7081251033454,
                33.865554736398366
              ],
              [
                113.70812826221824,
                33.86555828954922
              ],
              [
                113.70813098840102,
                33.86556208388509
              ],
              [
                113.70813325563915,
                33.86556608286443
              ],
              [
                113.70813504209785,
                33.86557024797491
              ],
              [
                113.70813633057256,
                33.865574539104216
              ],
              [
                113.70813710865457,
                33.86557891492643
              ],
              [
                113.70813736885052,
                33.8655833333
              ],
              [
                113.70813736885052,
                33.86562158913952
              ],
              [
                113.70886263114949,
                33.86562158913952
              ],
              [
                113.70886263114949,
                33.8655833333
              ],
              [
                113.70886289134543,
                33.86557891492643
              ],
              [
                113.70886366942744,
                33.865574539104216
              ],
              [
                113.70886495790215,
                33.86557024797491
              ],
              [
                113.70886674436085,
                33.86556608286443
              ],
              [
                113.70886901159898,
                33.86556208388509
              ],
              [
                113.70887173778176,
                33.86555828954922
              ],
              [
                113.7088748966546,
                33.865554736398366
              ],
              [
                113.7088784577958,
                33.86555145865131
              ],
              [
                113.70888238690965,
                33.86554848787454
              ],
              [
                113.70888664615661,
                33.86554585267827
              ],
              [
                113.70889119451782,
                33.86554357844087
              ],
              [
                113.70889598819006,
                33.8655416870645
              ],
              [
                113.70890098100766,
                33.865540196764144
              ],
              [
                113.70890612488705,
                33.86553912189221
              ],
              [
                113.70891137028987,
                33.865538472800296
              ],
              [
                113.7089166667,
                33.86553825573952
              ],
              [
                113.70919596444948,
                33.86553825573952
              ],
              [
                113.70919596444948,
                33.8655
              ],
              [
                113.70919622464542,
                33.865495581626426
              ],
              [
                113.70919700272744,
                33.86549120580421
              ],
              [
                113.70919829120214,
                33.865486914674904
              ],
              [
                113.70920007766084,
                33.86548274956443
              ],
              [
                113.70920234489897,
                33.86547875058508
              ],
              [
                113.70920507108175,
                33.865474956249216
              ],
              [
                113.7092082299546,
                33.86547140309836
              ],
              [
                113.7092117910958,
                33.865468125351306
              ],
              [
                113.70921572020964,
                33.86546515457454
              ],
              [
                113.7092199794566,
                33.86546251937826
              ],
              [
                113.70922452781781,
                33.865460245140866
              ],
              [
                113.70922932149006,
                33.865458353764495
              ],
              [
                113.70923431430765,
                33.86545686346414
              ],
              [
                113.70923945818704,
                33.86545578859221
              ],
              [
                113.70924470358986,
                33.86545513950029
              ],
              [
                113.70925,
                33.86545492243952
              ],
              [
                113.70961263114948,
                33.86545492243952
              ],
              [
                113.70961263114948,
                33.8654166667
              ],
              [
                113.70961289134543,
                33.86541224832643
              ],
              [
                113.70961366942744,
                33.865407872504214
              ],
              [
                113.70961495790215,
                33.865403581374906
              ],
              [
                113.70961674436084,
                33.86539941626443
              ],
              [
                113.70961901159897,
                33.865395417285086
              ],
              [
                113.70962173778176,
                33.86539162294922
              ],
              [
                113.7096248966546,
                33.865388069798364
              ],
              [
                113.7096284577958,
                33.86538479205131
              ],
              [
                113.70963238690965,
                33.86538182127454
              ],
              [
                113.70963664615661,
                33.865379186078265
              ],
              [
                113.70964119451781,
                33.86537691184087
              ],
              [
                113.70964598819006,
                33.8653750204645
              ],
              [
                113.70965098100766,
                33.86537353016414
              ],
              [
                113.70965612488705,
                33.86537245529221
              ],
              [
                113.70966137028987,
                33.865371806200294
              ],
              [
                113.7096666667,
                33.86537158913952
              ],
              [
                113.70977929774948,
                33.86537158913952
              ],
              [
                113.70977929774948,
                33.8653333333
              ],
              [
                113.70977955794542,
                33.86532891492643
              ],
              [
                113.70978033602744,
                33.865324539104215
              ],
              [
                113.70978162450214,
                33.86532024797491
              ],
              [
                113.70978341096084,
                33.86531608286443
              ],
              [
                113.70978567819897,
                33.86531208388509
              ],
              [
                113.70978840438175,
                33.86530828954922
              ],
              [
                113.7097915632546,
                33.865304736398365
              ],
              [
                113.7097951243958,
                33.86530145865131
              ],
              [
                113.70979905350964,
                33.86529848787454
              ],
              [
                113.7098033127566,
                33.865295852678265
              ],
              [
                113.70980786111781,
                33.86529357844087
              ],
              [
                113.70981265479006,
                33.8652916870645
              ],
              [
                113.70981272318289,
                33.86529166665
              ],
              [
                113.70981265479006,
                33.865291646235505
              ],
              [
                113.70980786111781,
                33.865289754859134
              ],
              [
                113.7098033127566,
                33.86528748062174
              ],
              [
                113.70979905350964,
                33.865284845425464
              ],
              [
                113.7097951243958,
                33.865281874648694
              ],
              [
                113.7097915632546,
                33.86527859690164
              ],
              [
                113.70978840438175,
                33.865275043750785
              ],
              [
                113.70978567819897,
                33.86527124941492
              ],
              [
                113.70978341096084,
                33.86526725043557
              ],
              [
                113.70978162450214,
                33.8652630853251
              ],
              [
                113.70978033602744,
                33.86525879419579
              ],
              [
                113.70977955794542,
                33.865254418373574
              ],
              [
                113.70977929774948,
                33.86525
              ],
              [
                113.70977929774948,
                33.86512841086048
              ],
              [
                113.70975,
                33.86512841086048
              ],
              [
                113.70974470358986,
                33.865128193799706
              ],
              [
                113.70973945818704,
                33.86512754470779
              ],
              [
                113.70973431430765,
                33.86512646983586
              ],
              [
                113.70972932149006,
                33.8651249795355
              ],
              [
                113.70972452781781,
                33.86512308815913
              ],
              [
                113.70971997945661,
                33.865120813921735
              ],
              [
                113.70971572020964,
                33.86511817872546
              ],
              [
                113.7097117910958,
                33.86511520794869
              ],
              [
                113.7097082299546,
                33.865111930201635
              ],
              [
                113.70970507108176,
                33.86510837705078
              ],
              [
                113.70970234489897,
                33.86510458271491
              ],
              [
                113.70970007766084,
                33.86510058373557
              ],
              [
                113.70969829120214,
                33.86509641862509
              ],
              [
                113.70969700272744,
                33.865092127495785
              ],
              [
                113.70969622464543,
                33.86508775167357
              ],
              [
                113.70969596444948,
                33.8650833333
              ],
              [
                113.70969596444948,
                33.8639166667
              ],
              [
                113.70969622464543,
                33.86391224832643
              ],
              [
                113.70969700272744,
                33.863907872504214
              ],
              [
                113.70969829120214,
                33.863903581374906
              ],
              [
                113.70970007766084,
                33.86389941626443
              ],
              [
                113.70970234489897,
                33.863895417285086
              ],
              [
                113.70970507108176,
                33.86389162294922
              ],
              [
                113.7097082299546,
                33.863888069798364
              ],
              [
                113.7097117910958,
                33.86388479205131
              ],
              [
                113.70971572020964,
                33.86388182127454
              ],
              [
                113.70971997945661,
                33.863879186078265
              ],
              [
                113.70972452781781,
                33.86387691184087
              ],
              [
                113.70972932149006,
                33.8638750204645
              ],
              [
                113.70973431430765,
                33.86387353016414
              ],
              [
                113.70973945818704,
                33.86387245529221
              ],
              [
                113.70974470358986,
                33.863871806200294
              ],
              [
                113.70975,
                33.86387158913952
              ],
              [
                113.70977929774948,
                33.86387158913952
              ],
              [
                113.70977929774948,
                33.863461744260476
              ],
              [
                113.70975,
                33.863461744260476
              ],
              [
                113.70974470358986,
                33.8634615271997
              ],
              [
                113.70973945818704,
                33.86346087810779
              ],
              [
                113.70973431430765,
                33.863459803235855
              ],
              [
                113.70972932149006,
                33.8634583129355
              ],
              [
                113.70972452781781,
                33.86345642155913
              ],
              [
                113.70971997945661,
                33.86345414732173
              ],
              [
                113.70971572020964,
                33.86345151212546
              ],
              [
                113.7097117910958,
                33.86344854134869
              ],
              [
                113.7097082299546,
                33.86344526360163
              ],
              [
                113.70970507108176,
                33.86344171045078
              ],
              [
                113.70970234489897,
                33.86343791611491
              ],
              [
                113.70970007766084,
                33.863433917135566
              ],
              [
                113.70969829120214,
                33.86342975202509
              ],
              [
                113.70969700272744,
                33.86342546089578
              ],
              [
                113.70969622464543,
                33.86342108507357
              ],
              [
                113.70969596444948,
                33.8634166667
              ],
              [
                113.70969596444948,
                33.86287841086048
              ],
              [
                113.7096666667,
                33.86287841086048
              ],
              [
                113.70966137028987,
                33.86287819379971
              ],
              [
                113.70965612488705,
                33.86287754470779
              ],
              [
                113.70965098100766,
                33.86287646983586
              ],
              [
                113.70964598819006,
                33.862874979535505
              ],
              [
                113.70964119451781,
                33.862873088159134
              ],
              [
                113.70963664615661,
                33.86287081392174
              ],
              [
                113.70963238690965,
                33.86286817872546
              ],
              [
                113.7096284577958,
                33.862865207948694
              ],
              [
                113.7096248966546,
                33.86286193020164
              ],
              [
                113.70962173778176,
                33.862858377050784
              ],
              [
                113.70961901159897,
                33.86285458271492
              ],
              [
                113.70961674436084,
                33.86285058373557
              ],
              [
                113.70961495790215,
                33.8628464186251
              ],
              [
                113.70961366942744,
                33.86284212749579
              ],
              [
                113.70961289134543,
                33.862837751673574
              ],
              [
                113.70961263114948,
                33.8628333333
              ],
              [
                113.70961263114948,
                33.86279507756048
              ],
              [
                113.7095833333,
                33.86279507756048
              ],
              [
                113.70957803688987,
                33.862794860499704
              ],
              [
                113.70957279148705,
                33.86279421140779
              ],
              [
                113.70956764760766,
                33.862793136535856
              ],
              [
                113.70956265479006,
                33.8627916462355
              ],
              [
                113.70955786111782,
                33.86278975485913
              ],
              [
                113.70955331275661,
                33.86278748062173
              ],
              [
                113.70954905350965,
                33.86278484542546
              ],
              [
                113.7095451243958,
                33.86278187464869
              ],
              [
                113.7095415632546,
                33.862778596901634
              ],
              [
                113.70953840438176,
                33.86277504375078
              ],
              [
                113.70953567819898,
                33.86277124941491
              ],
              [
                113.70953341096084,
                33.86276725043557
              ],
              [
                113.70953162450215,
                33.86276308532509
              ],
              [
                113.70953033602744,
                33.862758794195784
              ],
              [
                113.70952955794543,
                33.86275441837357
              ],
              [
                113.70952929774948,
                33.86275
              ],
              [
                113.70952929774948,
                33.86262841086048
              ],
              [
                113.7095,
                33.86262841086048
              ],
              [
                113.70949470358987,
                33.86262819379971
              ],
              [
                113.70948945818705,
                33.86262754470779
              ],
              [
                113.70948431430766,
                33.86262646983586
              ],
              [
                113.70947932149006,
                33.862624979535504
              ],
              [
                113.70947452781782,
                33.86262308815913
              ],
              [
                113.70946997945661,
                33.86262081392174
              ],
              [
                113.70946572020965,
                33.86261817872546
              ],
              [
                113.7094617910958,
                33.86261520794869
              ],
              [
                113.7094582299546,
                33.86261193020164
              ],
              [
                113.70945507108176,
                33.86260837705078
              ],
              [
                113.70945234489898,
                33.862604582714916
              ],
              [
                113.70945007766085,
                33.86260058373557
              ],
              [
                113.70944829120215,
                33.862596418625095
              ],
              [
                113.70944700272744,
                33.86259212749579
              ],
              [
                113.70944622464543,
                33.86258775167357
              ],
              [
                113.70944596444949,
                33.8625833333
              ],
              [
                113.70944596444949,
                33.86246174426048
              ],
              [
                113.7094166667,
                33.86246174426048
              ],
              [
                113.70941137028986,
                33.862461527199706
              ],
              [
                113.70940612488704,
                33.86246087810779
              ],
              [
                113.70940098100765,
                33.86245980323586
              ],
              [
                113.70939598819005,
                33.8624583129355
              ],
              [
                113.7093911945178,
                33.86245642155913
              ],
              [
                113.7093866461566,
                33.862454147321735
              ],
              [
                113.70938238690964,
                33.86245151212546
              ],
              [
                113.7093784577958,
                33.86244854134869
              ],
              [
                113.7093748966546,
                33.862445263601636
              ],
              [
                113.70937173778175,
                33.86244171045078
              ],
              [
                113.70936901159897,
                33.862437916114914
              ],
              [
                113.70936674436084,
                33.86243391713557
              ],
              [
                113.70936495790214,
                33.86242975202509
              ],
              [
                113.70936366942743,
                33.862425460895786
              ],
              [
                113.70936289134542,
                33.86242108507357
              ],
              [
                113.70936263114947,
                33.8624166667
              ],
              [
                113.70936263114947,
                33.86237841086048
              ],
              [
                113.7091666667,
                33.86237841086048
              ],
              [
                113.70916137028986,
                33.86237819379971
              ],
              [
                113.70915612488704,
                33.86237754470779
              ],
              [
                113.70915098100765,
                33.86237646983586
              ],
              [
                113.70914598819006,
                33.8623749795355
              ],
              [
                113.70914119451781,
                33.86237308815913
              ],
              [
                113.70913664615661,
                33.862370813921736
              ],
              [
                113.70913238690964,
                33.86236817872546
              ],
              [
                113.7091284577958,
                33.86236520794869
              ],
              [
                113.7091248966546,
                33.86236193020164
              ],
              [
                113.70912173778176,
                33.86235837705078
              ],
              [
                113.70911901159897,
                33.862354582714914
              ],
              [
                113.70911674436084,
                33.86235058373557
              ],
              [
                113.70911495790214,
                33.862346418625094
              ],
              [
                113.70911366942744,
                33.862342127495786
              ],
              [
                113.70911289134543,
                33.86233775167357
              ],
              [
                113.70911263114948,
                33.8623333333
              ],
              [
                113.70911263114948,
                33.86229507756048
              ],
              [
                113.709,
                33.86229507756048
              ],
              [
                113.70899470358987,
                33.86229486049971
              ],
              [
                113.70898945818705,
                33.86229421140779
              ],
              [
                113.70898431430766,
                33.86229313653586
              ],
              [
                113.70897932149006,
                33.862291646235505
              ],
              [
                113.70897452781782,
                33.862289754859134
              ],
              [
                113.70896997945661,
                33.86228748062174
              ],
              [
                113.70896572020965,
                33.862284845425464
              ],
              [
                113.7089617910958,
                33.862281874648694
              ],
              [
                113.7089582299546,
                33.86227859690164
              ],
              [
                113.70895507108176,
                33.862275043750785
              ],
              [
                113.70895234489898,
                33.86227124941492
              ],
              [
                113.70895007766084,
                33.86226725043557
              ],
              [
                113.70894829120215,
                33.8622630853251
              ],
              [
                113.70894700272744,
                33.86225879419579
              ],
              [
                113.70894622464543,
                33.862254418373574
              ],
              [
                113.70894596444948,
                33.86225
              ],
              [
                113.70894596444948,
                33.86221174426048
              ],
              [
                113.7088333333,
                33.86221174426048
              ],
              [
                113.70882803688987,
                33.862211527199705
              ],
              [
                113.70882279148705,
                33.86221087810779
              ],
              [
                113.70881764760766,
                33.86220980323586
              ],
              [
                113.70881265479007,
                33.8622083129355
              ],
              [
                113.70880786111782,
                33.86220642155913
              ],
              [
                113.70880331275661,
                33.862204147321734
              ],
              [
                113.70879905350965,
                33.86220151212546
              ],
              [
                113.7087951243958,
                33.86219854134869
              ],
              [
                113.70879156325461,
                33.862195263601635
              ],
              [
                113.70878840438176,
                33.86219171045078
              ],
              [
                113.70878567819898,
                33.86218791611491
              ],
              [
                113.70878341096085,
                33.86218391713557
              ],
              [
                113.70878162450215,
                33.86217975202509
              ],
              [
                113.70878033602744,
                33.862175460895784
              ],
              [
                113.70877955794543,
                33.86217108507357
              ],
              [
                113.70877929774949,
                33.8621666667
              ],
              [
                113.70877929774949,
                33.86212841086048
              ],
              [
                113.70875,
                33.86212841086048
              ],
              [
                113.70874470358986,
                33.862128193799705
              ],
              [
                113.70873945818704,
                33.86212754470779
              ],
              [
                113.70873431430765,
                33.86212646983586
              ],
              [
                113.70872932149005,
                33.8621249795355
              ],
              [
                113.70872452781781,
                33.86212308815913
              ],
              [
                113.7087199794566,
                33.862120813921734
              ],
              [
                113.70871572020964,
                33.86211817872546
              ],
              [
                113.7087117910958,
                33.86211520794869
              ],
              [
                113.7087082299546,
                33.862111930201635
              ],
              [
                113.70870507108175,
                33.86210837705078
              ],
              [
                113.70870234489897,
                33.86210458271491
              ],
              [
                113.70870007766084,
                33.86210058373557
              ],
              [
                113.70869829120214,
                33.86209641862509
              ],
              [
                113.70869700272743,
                33.862092127495785
              ],
              [
                113.70869622464542,
                33.86208775167357
              ],
              [
                113.70869596444948,
                33.8620833333
              ],
              [
                113.70869596444948,
                33.86204507756048
              ],
              [
                113.70857985493711,
                33.86204507756048
              ],
              [
                113.70861111111111,
                33.86235555555556
              ],
              [
                113.70747070225052,
                33.86241203806988
              ],
              [
                113.70747070225052,
                33.8626666667
              ],
              [
                113.70747044205457,
                33.86267108507357
              ],
              [
                113.70746966397256,
                33.86267546089579
              ],
              [
                113.70746837549785,
                33.862679752025095
              ],
              [
                113.70746658903916,
                33.86268391713557
              ],
              [
                113.70746432180103,
                33.862687916114915
              ]
            ]
          ],
          [
            [
              [
                113.70780786111781,
                33.866789754859134
              ],
              [
                113.70780331275661,
                33.86678748062174
              ],
              [
                113.70779905350965,
                33.866784845425464
              ],
              [
                113.7077951243958,
                33.866781874648694
              ],
              [
                113.7077915632546,
                33.86677859690164
              ],
              [
                113.70778840438176,
                33.866775043750785
              ],
              [
                113.70778567819897,
                33.86677124941492
              ],
              [
                113.70778341096084,
                33.86676725043557
              ],
              [
                113.70778162450215,
                33.8667630853251
              ],
              [
                113.70778033602744,
                33.86675879419579
              ],
              [
                113.70777955794543,
                33.866754418373574
              ],
              [
                113.70777929774948,
                33.86675
              ],
              [
                113.70777929774948,
                33.86671174426048
              ],
              [
                113.7077511024742,
                33.86671174426048
              ],
              [
                113.70777399587512,
                33.86720492243952
              ],
              [
                113.70786263114948,
                33.86720492243952
              ],
              [
                113.70786263114948,
                33.86679507756048
              ],
              [
                113.7078333333,
                33.86679507756048
              ],
              [
                113.70782803688986,
                33.86679486049971
              ],
              [
                113.70782279148705,
                33.86679421140779
              ],
              [
                113.70781764760765,
                33.86679313653586
              ],
              [
                113.70781265479006,
                33.866791646235505
              ],
              [
                113.70780786111781,
                33.866789754859134
              ]
            ]
          ],
          [
            [
              [
                113.70697932149005,
                33.8619583129355
              ],
              [
                113.7069745278178,
                33.86195642155913
              ],
              [
                113.7069699794566,
                33.86195414732173
              ],
              [
                113.70696572020964,
                33.86195151212546
              ],
              [
                113.7069617910958,
                33.86194854134869
              ],
              [
                113.7069582299546,
                33.86194526360163
              ],
              [
                113.70695507108175,
                33.86194171045078
              ],
              [
                113.70695234489897,
                33.86193791611491
              ],
              [
                113.70695007766084,
                33.861933917135566
              ],
              [
                113.70694829120214,
                33.86192975202509
              ],
              [
                113.70694700272743,
                33.86192546089578
              ],
              [
                113.70694622464542,
                33.86192108507357
              ],
              [
                113.70694596444947,
                33.8619166667
              ],
              [
                113.70694596444947,
                33.86187841086048
              ],
              [
                113.70680403555052,
                33.86187841086048
              ],
              [
                113.70680403555052,
                33.862
              ],
              [
                113.70680377535457,
                33.86200441837357
              ],
              [
                113.70680299727256,
                33.86200879419579
              ],
              [
                113.70680170879785,
                33.862013085325096
              ],
              [
                113.70679992233916,
                33.86201725043557
              ],
              [
                113.70679765510103,
                33.862021249414916
              ],
              [
                113.70679492891824,
                33.86202504375078
              ],
              [
                113.7067917700454,
                33.86202859690164
              ],
              [
                113.7067882089042,
                33.86203187464869
              ],
              [
                113.70678427979036,
                33.86203484542546
              ],
              [
                113.70678002054339,
                33.86203748062174
              ],
              [
                113.70677547218219,
                33.86203975485913
              ],
              [
                113.70677067850994,
                33.862041646235504
              ],
              [
                113.70676568569235,
                33.86204313653586
              ],
              [
                113.70676054181295,
                33.86204421140779
              ],
              [
                113.70675529641014,
                33.86204486049971
              ],
              [
                113.70675,
                33.86204507756048
              ],
              [
                113.70672070225052,
                33.86204507756048
              ],
              [
                113.70672070225052,
                33.86212158913952
              ],
              [
                113.70686263114948,
                33.86212158913952
              ],
              [
                113.70686263114948,
                33.8620833333
              ],
              [
                113.70686289134542,
                33.86207891492643
              ],
              [
                113.70686366942743,
                33.86207453910421
              ],
              [
                113.70686495790214,
                33.862070247974906
              ],
              [
                113.70686674436084,
                33.86206608286443
              ],
              [
                113.70686901159897,
                33.862062083885085
              ],
              [
                113.70687173778175,
                33.86205828954922
              ],
              [
                113.7068748966546,
                33.86205473639836
              ],
              [
                113.7068784577958,
                33.86205145865131
              ],
              [
                113.70688238690964,
                33.86204848787454
              ],
              [
                113.7068866461566,
                33.862045852678264
              ],
              [
                113.70689119451781,
                33.86204357844087
              ],
              [
                113.70689598819006,
                33.8620416870645
              ],
              [
                113.70690098100765,
                33.86204019676414
              ],
              [
                113.70690612488704,
                33.86203912189221
              ],
              [
                113.70691137028986,
                33.86203847280029
              ],
              [
                113.7069166667,
                33.86203825573952
              ],
              [
                113.70702929774949,
                33.86203825573952
              ],
              [
                113.70702929774949,
                33.861961744260476
              ],
              [
                113.707,
                33.861961744260476
              ],
              [
                113.70699470358986,
                33.8619615271997
              ],
              [
                113.70698945818704,
                33.86196087810779
              ],
              [
                113.70698431430765,
                33.861959803235855
              ],
              [
                113.70697932149005,
                33.8619583129355
              ]
            ]
          ],
          [
            [
              [
                113.7069582299546,
                33.86102859690163
              ],
              [
                113.70695507108175,
                33.86102504375078
              ],
              [
                113.70695234489897,
                33.86102124941491
              ],
              [
                113.70695007766084,
                33.861017250435566
              ],
              [
                113.70694829120214,
                33.86101308532509
              ],
              [
                113.70694700272743,
                33.86100879419578
              ],
              [
                113.70694622464542,
                33.86100441837357
              ],
              [
                113.70694596444947,
                33.861
              ],
              [
                113.70694596444947,
                33.86096174426048
              ],
              [
                113.7068333333,
                33.86096174426048
              ],
              [
                113.70682803688986,
                33.860961527199706
              ],
              [
                113.70682279148704,
                33.86096087810779
              ],
              [
                113.70681764760765,
                33.86095980323586
              ],
              [
                113.70681265479006,
                33.8609583129355
              ],
              [
                113.70680786111781,
                33.86095642155913
              ],
              [
                113.7068033127566,
                33.860954147321735
              ],
              [
                113.70679905350964,
                33.86095151212546
              ],
              [
                113.7067951243958,
                33.86094854134869
              ],
              [
                113.7067915632546,
                33.860945263601636
              ],
              [
                113.70678840438175,
                33.86094171045078
              ],
              [
                113.70678567819897,
                33.86093791611491
              ],
              [
                113.70678341096084,
                33.86093391713557
              ],
              [
                113.70678162450214,
                33.86092975202509
              ],
              [
                113.70678033602744,
                33.860925460895785
              ],
              [
                113.70677955794542,
                33.86092108507357
              ],
              [
                113.70677929774948,
                33.8609166667
              ],
              [
                113.70677929774948,
                33.86087841086048
              ],
              [
                113.70655403555052,
                33.86087841086048
              ],
              [
                113.70655403555052,
                33.86112158913952
              ],
              [
                113.7065833333,
                33.86112158913952
              ],
              [
                113.70658862971014,
                33.861121806200295
              ],
              [
                113.70659387511296,
                33.86112245529221
              ],
              [
                113.70659901899235,
                33.86112353016414
              ],
              [
                113.70660401180994,
                33.8611250204645
              ],
              [
                113.70660880548219,
                33.86112691184087
              ],
              [
                113.7066133538434,
                33.861129186078266
              ],
              [
                113.70661761309036,
                33.86113182127454
              ],
              [
                113.7066215422042,
                33.86113479205131
              ],
              [
                113.7066251033454,
                33.861138069798365
              ],
              [
                113.70662826221825,
                33.86114162294922
              ],
              [
                113.70663098840103,
                33.86114541728509
              ],
              [
                113.70663325563916,
                33.86114941626443
              ],
              [
                113.70663504209786,
                33.86115358137491
              ],
              [
                113.70663633057256,
                33.861157872504215
              ],
              [
                113.70663710865458,
                33.86116224832643
              ],
              [
                113.70663736885052,
                33.8611666667
              ],
              [
                113.70663736885052,
                33.86120492243952
              ],
              [
                113.7066666667,
                33.86120492243952
              ],
              [
                113.70667196311014,
                33.86120513950029
              ],
              [
                113.70667720851296,
                33.86120578859221
              ],
              [
                113.70668235239235,
                33.86120686346414
              ],
              [
                113.70668734520994,
                33.861208353764496
              ],
              [
                113.70669213888219,
                33.86121024514087
              ],
              [
                113.7066966872434,
                33.86121251937826
              ],
              [
                113.70670094649036,
                33.86121515457454
              ],
              [
                113.7067048756042,
                33.86121812535131
              ],
              [
                113.7067084367454,
                33.86122140309836
              ],
              [
                113.70671159561824,
                33.86122495624922
              ],
              [
                113.70671432180103,
                33.861228750585084
              ],
              [
                113.70671658903916,
                33.86123274956443
              ],
              [
                113.70671837549786,
                33.861236914674905
              ],
              [
                113.70671966397256,
                33.86124120580421
              ],
              [
                113.70672044205457,
                33.86124558162643
              ],
              [
                113.70672070225052,
                33.86125
              ],
              [
                113.70672070225052,
                33.86137158913952
              ],
              [
                113.70694596444947,
                33.86137158913952
              ],
              [
                113.70694596444947,
                33.8610833333
              ],
              [
                113.70694622464542,
                33.86107891492643
              ],
              [
                113.70694700272743,
                33.861074539104216
              ],
              [
                113.70694829120214,
                33.86107024797491
              ],
              [
                113.70695007766084,
                33.86106608286443
              ],
              [
                113.70695234489897,
                33.86106208388509
              ],
              [
                113.70695507108175,
                33.86105828954922
              ],
              [
                113.7069582299546,
                33.861054736398366
              ],
              [
                113.7069617910958,
                33.86105145865131
              ],
              [
                113.70696572020964,
                33.86104848787454
              ],
              [
                113.7069699794566,
                33.86104585267827
              ],
              [
                113.7069745278178,
                33.86104357844087
              ],
              [
                113.70697932149005,
                33.8610416870645
              ],
              [
                113.70697938988289,
                33.861041666649996
              ],
              [
                113.70697932149005,
                33.8610416462355
              ],
              [
                113.7069745278178,
                33.86103975485913
              ],
              [
                113.7069699794566,
                33.86103748062173
              ],
              [
                113.70696572020964,
                33.86103484542546
              ],
              [
                113.7069617910958,
                33.86103187464869
              ],
              [
                113.7069582299546,
                33.86102859690163
              ]
            ]
          ],
          [
            [
              [
                113.70659901899235,
                33.86229313653586
              ],
              [
                113.70659387511296,
                33.86229421140779
              ],
              [
                113.70658862971014,
                33.86229486049971
              ],
              [
                113.7065833333,
                33.86229507756048
              ],
              [
                113.70605403555052,
                33.86229507756048
              ],
              [
                113.70605403555052,
                33.8623333333
              ],
              [
                113.70605377535458,
                33.86233775167357
              ],
              [
                113.70605299727256,
                33.862342127495786
              ],
              [
                113.70605170879786,
                33.862346418625094
              ],
              [
                113.70604992233916,
                33.86235058373557
              ],
              [
                113.70604765510103,
                33.862354582714914
              ],
              [
                113.70604492891825,
                33.86235837705078
              ],
              [
                113.7060417700454,
                33.86236193020164
              ],
              [
                113.7060382089042,
                33.86236520794869
              ],
              [
                113.70603427979036,
                33.86236817872546
              ],
              [
                113.7060300205434,
                33.862370813921736
              ],
              [
                113.70602547218219,
                33.86237308815913
              ],
              [
                113.70602067850994,
                33.8623749795355
              ],
              [
                113.70601568569235,
                33.86237646983586
              ],
              [
                113.70601054181296,
                33.86237754470779
              ],
              [
                113.70600529641014,
                33.86237819379971
              ],
              [
                113.706,
                33.86237841086048
              ],
              [
                113.70588736885053,
                33.86237841086048
              ],
              [
                113.70588736885053,
                33.8624166667
              ],
              [
                113.70588710865458,
                33.86242108507357
              ],
              [
                113.70588633057257,
                33.862425460895786
              ],
              [
                113.70588504209786,
                33.86242975202509
              ],
              [
                113.70588325563916,
                33.86243391713557
              ],
              [
                113.70588098840103,
                33.862437916114914
              ],
              [
                113.70587826221825,
                33.86244171045078
              ],
              [
                113.7058751033454,
                33.862445263601636
              ],
              [
                113.7058715422042,
                33.86244854134869
              ],
              [
                113.70586761309036,
                33.86245151212546
              ],
              [
                113.7058633538434,
                33.862454147321735
              ],
              [
                113.7058588054822,
                33.86245642155913
              ],
              [
                113.70585401180995,
                33.8624583129355
              ],
              [
                113.70584901899235,
                33.86245980323586
              ],
              [
                113.70584387511296,
                33.86246087810779
              ],
              [
                113.70583862971014,
                33.862461527199706
              ],
              [
                113.7058333333,
                33.86246174426048
              ],
              [
                113.70580403555051,
                33.86246174426048
              ],
              [
                113.70580403555051,
                33.8625
              ],
              [
                113.70580377535457,
                33.86250441837357
              ],
              [
                113.70580299727256,
                33.86250879419578
              ],
              [
                113.70580170879785,
                33.86251308532509
              ],
              [
                113.70579992233915,
                33.862517250435566
              ],
              [
                113.70579765510102,
                33.86252124941491
              ],
              [
                113.70579492891824,
                33.86252504375078
              ],
              [
                113.7057917700454,
                33.86252859690163
              ],
              [
                113.7057882089042,
                33.86253187464869
              ],
              [
                113.70578427979035,
                33.86253484542546
              ],
              [
                113.70578002054339,
                33.86253748062173
              ],
              [
                113.70577547218218,
                33.86253975485913
              ],
              [
                113.70577067850994,
                33.8625416462355
              ],
              [
                113.70576568569234,
                33.862543136535855
              ],
              [
                113.70576054181295,
                33.86254421140779
              ],
              [
                113.70575529641013,
                33.8625448604997
              ],
              [
                113.70575,
                33.862545077560476
              ],
              [
                113.70569513704652,
                33.862545077560476
              ],
              [
                113.70569668724339,
                33.86254585267827
              ],
              [
                113.70570094649035,
                33.86254848787454
              ],
              [
                113.7057048756042,
                33.86255145865131
              ],
              [
                113.7057084367454,
                33.862554736398366
              ],
              [
                113.70571159561824,
                33.86255828954922
              ],
              [
                113.70571432180103,
                33.86256208388509
              ],
              [
                113.70571658903916,
                33.86256608286443
              ],
              [
                113.70571837549785,
                33.86257024797491
              ],
              [
                113.70571966397256,
                33.862574539104216
              ],
              [
                113.70572044205457,
                33.86257891492643
              ],
              [
                113.70572070225052,
                33.8625833333
              ],
              [
                113.70572070225052,
                33.86262158913952
              ],
              [
                113.70575,
                33.86262158913952
              ],
              [
                113.70575529641013,
                33.862621806200295
              ],
              [
                113.70576054181295,
                33.86262245529221
              ],
              [
                113.70576568569234,
                33.86262353016414
              ],
              [
                113.70577067850994,
                33.8626250204645
              ],
              [
                113.70577547218218,
                33.86262691184087
              ],
              [
                113.70578002054339,
                33.862629186078266
              ],
              [
                113.70578427979035,
                33.86263182127454
              ],
              [
                113.7057882089042,
                33.86263479205131
              ],
              [
                113.7057917700454,
                33.862638069798365
              ],
              [
                113.70579492891824,
                33.86264162294922
              ],
              [
                113.70579765510102,
                33.86264541728509
              ],
              [
                113.70579992233915,
                33.86264941626443
              ],
              [
                113.70580170879785,
                33.86265358137491
              ],
              [
                113.70580299727256,
                33.862657872504215
              ],
              [
                113.70580377535457,
                33.86266224832643
              ],
              [
                113.70580403555051,
                33.8626666667
              ],
              [
                113.70580403555051,
                33.86270492243952
              ],
              [
                113.70627929774948,
                33.86270492243952
              ],
              [
                113.70627929774948,
                33.8626666667
              ],
              [
                113.70627955794542,
                33.86266224832643
              ],
              [
                113.70628033602743,
                33.862657872504215
              ],
              [
                113.70628162450214,
                33.86265358137491
              ],
              [
                113.70628341096084,
                33.86264941626443
              ],
              [
                113.70628567819897,
                33.86264541728509
              ],
              [
                113.70628840438175,
                33.86264162294922
              ],
              [
                113.7062915632546,
                33.862638069798365
              ],
              [
                113.7062951243958,
                33.86263479205131
              ],
              [
                113.70629905350964,
                33.86263182127454
              ],
              [
                113.7063033127566,
                33.862629186078266
              ],
              [
                113.7063078611178,
                33.86262691184087
              ],
              [
                113.70631265479005,
                33.8626250204645
              ],
              [
                113.70631764760765,
                33.86262353016414
              ],
              [
                113.70632279148704,
                33.86262245529221
              ],
              [
                113.70632803688986,
                33.862621806200295
              ],
              [
                113.7063333333,
                33.86262158913952
              ],
              [
                113.7064166667,
                33.86262158913952
              ],
              [
                113.70642196311013,
                33.862621806200295
              ],
              [
                113.70642720851295,
                33.86262245529221
              ],
              [
                113.70643235239234,
                33.86262353016414
              ],
              [
                113.70643734520993,
                33.8626250204645
              ],
              [
                113.70644213888218,
                33.86262691184087
              ],
              [
                113.70644668724339,
                33.862629186078266
              ],
              [
                113.70645094649035,
                33.86263182127454
              ],
              [
                113.7064548756042,
                33.86263479205131
              ],
              [
                113.7064584367454,
                33.862638069798365
              ],
              [
                113.70646159561824,
                33.86264162294922
              ],
              [
                113.70646432180102,
                33.86264541728509
              ],
              [
                113.70646658903915,
                33.86264941626443
              ],
              [
                113.70646837549785,
                33.86265358137491
              ],
              [
                113.70646966397256,
                33.862657872504215
              ],
              [
                113.70647044205457,
                33.86266224832643
              ],
              [
                113.70647070225051,
                33.8626666667
              ],
              [
                113.70647070225051,
                33.86270492243952
              ],
              [
                113.70677929774948,
                33.86270492243952
              ],
              [
                113.70677929774948,
                33.8626666667
              ],
              [
                113.70677955794542,
                33.86266224832643
              ],
              [
                113.70678033602744,
                33.862657872504215
              ],
              [
                113.70678162450214,
                33.86265358137491
              ],
              [
                113.70678341096084,
                33.86264941626443
              ],
              [
                113.70678567819897,
                33.86264541728509
              ],
              [
                113.70678840438175,
                33.86264162294922
              ],
              [
                113.7067915632546,
                33.862638069798365
              ],
              [
                113.7067951243958,
                33.86263479205131
              ],
              [
                113.70679905350964,
                33.86263182127454
              ],
              [
                113.7068033127566,
                33.862629186078266
              ],
              [
                113.70680786111781,
                33.86262691184087
              ],
              [
                113.70681265479006,
                33.8626250204645
              ],
              [
                113.70681764760765,
                33.86262353016414
              ],
              [
                113.70682279148704,
                33.86262245529221
              ],
              [
                113.70682803688986,
                33.862621806200295
              ],
              [
                113.7068333333,
                33.86262158913952
              ],
              [
                113.70686263114948,
                33.86262158913952
              ],
              [
                113.70686263114948,
                33.86246174426048
              ],
              [
                113.7068333333,
                33.86246174426048
              ],
              [
                113.70682803688986,
                33.862461527199706
              ],
              [
                113.70682279148704,
                33.86246087810779
              ],
              [
                113.70681764760765,
                33.86245980323586
              ],
              [
                113.70681265479006,
                33.8624583129355
              ],
              [
                113.70680786111781,
                33.86245642155913
              ],
              [
                113.7068033127566,
                33.862454147321735
              ],
              [
                113.70679905350964,
                33.86245151212546
              ],
              [
                113.7067951243958,
                33.86244854134869
              ],
              [
                113.7067915632546,
                33.862445263601636
              ],
              [
                113.70678840438175,
                33.86244171045078
              ],
              [
                113.70678567819897,
                33.862437916114914
              ],
              [
                113.70678341096084,
                33.86243391713557
              ],
              [
                113.70678162450214,
                33.86242975202509
              ],
              [
                113.70678033602744,
                33.862425460895786
              ],
              [
                113.70677955794542,
                33.86242108507357
              ],
              [
                113.70677929774948,
                33.8624166667
              ],
              [
                113.70677929774948,
                33.86237841086048
              ],
              [
                113.70675,
                33.86237841086048
              ],
              [
                113.70674470358986,
                33.86237819379971
              ],
              [
                113.70673945818704,
                33.86237754470779
              ],
              [
                113.70673431430765,
                33.86237646983586
              ],
              [
                113.70672932149006,
                33.8623749795355
              ],
              [
                113.70672452781781,
                33.86237308815913
              ],
              [
                113.70671997945661,
                33.862370813921736
              ],
              [
                113.70671572020964,
                33.86236817872546
              ],
              [
                113.7067117910958,
                33.86236520794869
              ],
              [
                113.7067082299546,
                33.86236193020164
              ],
              [
                113.70670507108176,
                33.86235837705078
              ],
              [
                113.70670234489897,
                33.862354582714914
              ],
              [
                113.70670007766084,
                33.86235058373557
              ],
              [
                113.70669829120214,
                33.862346418625094
              ],
              [
                113.70669700272744,
                33.862342127495786
              ],
              [
                113.70669622464543,
                33.86233775167357
              ],
              [
                113.70669596444948,
                33.8623333333
              ],
              [
                113.70669596444948,
                33.86229507756048
              ],
              [
                113.7066666667,
                33.86229507756048
              ],
              [
                113.70666137028986,
                33.86229486049971
              ],
              [
                113.70665612488705,
                33.86229421140779
              ],
              [
                113.70665098100766,
                33.86229313653586
              ],
              [
                113.70664598819006,
                33.862291646235505
              ],
              [
                113.70664119451781,
                33.862289754859134
              ],
              [
                113.70663664615661,
                33.86228748062174
              ],
              [
                113.70663238690965,
                33.862284845425464
              ],
              [
                113.7066284577958,
                33.862281874648694
              ],
              [
                113.706625,
                33.862278692022855
              ],
              [
                113.7066215422042,
                33.862281874648694
              ],
              [
                113.70661761309036,
                33.862284845425464
              ],
              [
                113.7066133538434,
                33.86228748062174
              ],
              [
                113.70660880548219,
                33.862289754859134
              ],
              [
                113.70660401180994,
                33.862291646235505
              ],
              [
                113.70659901899235,
                33.86229313653586
              ]
            ]
          ],
          [
            [
              [
                113.70555403555052,
                33.863371175327714
              ],
              [
                113.70555403555052,
                33.86337158913952
              ],
              [
                113.70555486315347,
                33.86337158913952
              ],
              [
                113.70555403555052,
                33.863371175327714
              ]
            ]
          ],
          [
            [
              [
                113.70460880548218,
                33.86404357844087
              ],
              [
                113.70461335384338,
                33.86404585267827
              ],
              [
                113.70461761309035,
                33.86404848787454
              ],
              [
                113.7046215422042,
                33.86405145865131
              ],
              [
                113.70462510334539,
                33.864054736398366
              ],
              [
                113.70462826221824,
                33.86405828954922
              ],
              [
                113.70463098840102,
                33.86406208388509
              ],
              [
                113.70463325563915,
                33.86406608286443
              ],
              [
                113.70463504209785,
                33.86407024797491
              ],
              [
                113.70463633057255,
                33.864074539104216
              ],
              [
                113.70463710865457,
                33.86407891492643
              ],
              [
                113.70463736885051,
                33.8640833333
              ],
              [
                113.70463736885051,
                33.86409770533932
              ],
              [
                113.70469596444948,
                33.864103003877524
              ],
              [
                113.70469596444948,
                33.8640833333
              ],
              [
                113.70469622464543,
                33.86407891492643
              ],
              [
                113.70469700272744,
                33.864074539104216
              ],
              [
                113.70469829120215,
                33.86407024797491
              ],
              [
                113.70470007766085,
                33.86406608286443
              ],
              [
                113.70470234489898,
                33.86406208388509
              ],
              [
                113.70470507108176,
                33.86405828954922
              ],
              [
                113.7047082299546,
                33.864054736398366
              ],
              [
                113.7047117910958,
                33.86405145865131
              ],
              [
                113.70471572020965,
                33.86404848787454
              ],
              [
                113.70471997945661,
                33.86404585267827
              ],
              [
                113.70472452781782,
                33.86404357844087
              ],
              [
                113.70472932149006,
                33.8640416870645
              ],
              [
                113.70473431430766,
                33.864040196764144
              ],
              [
                113.70473945818705,
                33.86403912189221
              ],
              [
                113.70474470358987,
                33.864038472800296
              ],
              [
                113.70475,
                33.86403825573952
              ],
              [
                113.7049166667,
                33.86403825573952
              ],
              [
                113.70492196311014,
                33.864038472800296
              ],
              [
                113.70492720851296,
                33.86403912189221
              ],
              [
                113.70493235239235,
                33.864040196764144
              ],
              [
                113.70493734520994,
                33.8640416870645
              ],
              [
                113.70494213888219,
                33.86404357844087
              ],
              [
                113.70494668724339,
                33.86404585267827
              ],
              [
                113.70495094649036,
                33.86404848787454
              ],
              [
                113.7049548756042,
                33.86405145865131
              ],
              [
                113.7049584367454,
                33.864054736398366
              ],
              [
                113.70496159561824,
                33.86405828954922
              ],
              [
                113.70496432180103,
                33.86406208388509
              ],
              [
                113.70496658903916,
                33.86406608286443
              ],
              [
                113.70496837549786,
                33.86407024797491
              ],
              [
                113.70496966397256,
                33.864074539104216
              ],
              [
                113.70497044205457,
                33.86407891492643
              ],
              [
                113.70497070225052,
                33.8640833333
              ],
              [
                113.70497070225052,
                33.86412158913952
              ],
              [
                113.70530486315347,
                33.86412158913952
              ],
              [
                113.70530331275661,
                33.86412081392174
              ],
              [
                113.70529905350965,
                33.86411817872546
              ],
              [
                113.7052951243958,
                33.86411520794869
              ],
              [
                113.7052915632546,
                33.86411193020164
              ],
              [
                113.70528840438176,
                33.86410837705078
              ],
              [
                113.70528567819898,
                33.864104582714916
              ],
              [
                113.70528341096085,
                33.86410058373557
              ],
              [
                113.70528162450215,
                33.864096418625095
              ],
              [
                113.70528033602744,
                33.86409212749579
              ],
              [
                113.70527955794543,
                33.86408775167357
              ],
              [
                113.70527929774948,
                33.8640833333
              ],
              [
                113.70527929774948,
                33.864045077560476
              ],
              [
                113.70525,
                33.864045077560476
              ],
              [
                113.70524470358987,
                33.8640448604997
              ],
              [
                113.70523945818705,
                33.86404421140779
              ],
              [
                113.70523431430766,
                33.864043136535855
              ],
              [
                113.70522932149007,
                33.8640416462355
              ],
              [
                113.70522452781782,
                33.86403975485913
              ],
              [
                113.70521997945661,
                33.86403748062173
              ],
              [
                113.70521572020965,
                33.86403484542546
              ],
              [
                113.7052117910958,
                33.86403187464869
              ],
              [
                113.70520822995461,
                33.86402859690163
              ],
              [
                113.70520507108176,
                33.86402504375078
              ],
              [
                113.70520234489898,
                33.86402124941491
              ],
              [
                113.70520007766085,
                33.864017250435566
              ],
              [
                113.70519829120215,
                33.86401308532509
              ],
              [
                113.70519700272745,
                33.86400879419578
              ],
              [
                113.70519622464543,
                33.86400441837357
              ],
              [
                113.70519596444949,
                33.864
              ],
              [
                113.70519596444949,
                33.86396174426048
              ],
              [
                113.7051666667,
                33.86396174426048
              ],
              [
                113.70516137028986,
                33.863961527199706
              ],
              [
                113.70515612488704,
                33.86396087810779
              ],
              [
                113.70515098100765,
                33.86395980323586
              ],
              [
                113.70514598819005,
                33.8639583129355
              ],
              [
                113.70514119451781,
                33.86395642155913
              ],
              [
                113.7051366461566,
                33.863954147321735
              ],
              [
                113.70513238690964,
                33.86395151212546
              ],
              [
                113.7051284577958,
                33.86394854134869
              ],
              [
                113.7051248966546,
                33.863945263601636
              ],
              [
                113.70512173778175,
                33.86394171045078
              ],
              [
                113.70511901159897,
                33.863937916114914
              ],
              [
                113.70511674436084,
                33.86393391713557
              ],
              [
                113.70511495790214,
                33.86392975202509
              ],
              [
                113.70511366942743,
                33.863925460895786
              ],
              [
                113.70511289134542,
                33.86392108507357
              ],
              [
                113.70511263114948,
                33.8639166667
              ],
              [
                113.70511263114948,
                33.86387841086048
              ],
              [
                113.7049166667,
                33.86387841086048
              ],
              [
                113.70491137028986,
                33.86387819379971
              ],
              [
                113.70490612488705,
                33.86387754470779
              ],
              [
                113.70490098100765,
                33.86387646983586
              ],
              [
                113.70489598819006,
                33.8638749795355
              ],
              [
                113.70489119451781,
                33.86387308815913
              ],
              [
                113.70488664615661,
                33.863870813921736
              ],
              [
                113.70488238690965,
                33.86386817872546
              ],
              [
                113.7048784577958,
                33.86386520794869
              ],
              [
                113.7048748966546,
                33.86386193020164
              ],
              [
                113.70487173778176,
                33.86385837705078
              ],
              [
                113.70486901159897,
                33.863854582714914
              ],
              [
                113.70486674436084,
                33.86385058373557
              ],
              [
                113.70486495790215,
                33.863846418625094
              ],
              [
                113.70486366942744,
                33.863842127495786
              ],
              [
                113.70486289134543,
                33.86383775167357
              ],
              [
                113.70486263114948,
                33.8638333333
              ],
              [
                113.70486263114948,
                33.86379507756048
              ],
              [
                113.70447070225052,
                33.86379507756048
              ],
              [
                113.70447070225052,
                33.86387158913952
              ],
              [
                113.7045,
                33.86387158913952
              ],
              [
                113.70450529641013,
                33.863871806200294
              ],
              [
                113.70451054181295,
                33.86387245529221
              ],
              [
                113.70451568569234,
                33.86387353016414
              ],
              [
                113.70452067850994,
                33.8638750204645
              ],
              [
                113.70452547218218,
                33.86387691184087
              ],
              [
                113.70453002054339,
                33.863879186078265
              ],
              [
                113.70453427979035,
                33.86388182127454
              ],
              [
                113.7045382089042,
                33.86388479205131
              ],
              [
                113.7045417700454,
                33.863888069798364
              ],
              [
                113.70454492891824,
                33.86389162294922
              ],
              [
                113.70454765510102,
                33.863895417285086
              ],
              [
                113.70454992233915,
                33.86389941626443
              ],
              [
                113.70455170879785,
                33.863903581374906
              ],
              [
                113.70455299727256,
                33.863907872504214
              ],
              [
                113.70455377535457,
                33.86391224832643
              ],
              [
                113.70455403555052,
                33.8639166667
              ],
              [
                113.70455403555052,
                33.86403825573952
              ],
              [
                113.7045833333,
                33.86403825573952
              ],
              [
                113.70458862971013,
                33.864038472800296
              ],
              [
                113.70459387511295,
                33.86403912189221
              ],
              [
                113.70459901899234,
                33.864040196764144
              ],
              [
                113.70460401180993,
                33.8640416870645
              ],
              [
                113.70460880548218,
                33.86404357844087
              ]
            ]
          ],
          [
            [
              [
                113.7047915632546,
                33.86272140309836
              ],
              [
                113.7047951243958,
                33.86271812535131
              ],
              [
                113.70479905350965,
                33.86271515457454
              ],
              [
                113.70480331275661,
                33.86271251937826
              ],
              [
                113.70480786111781,
                33.86271024514087
              ],
              [
                113.70481265479006,
                33.862708353764496
              ],
              [
                113.70481764760765,
                33.86270686346414
              ],
              [
                113.70482279148705,
                33.86270578859221
              ],
              [
                113.70482803688986,
                33.86270513950029
              ],
              [
                113.7048333333,
                33.86270492243952
              ],
              [
                113.70494596444948,
                33.86270492243952
              ],
              [
                113.70494596444948,
                33.86262841086048
              ],
              [
                113.70480403555052,
                33.86262841086048
              ],
              [
                113.70480403555052,
                33.8626666667
              ],
              [
                113.70480377535458,
                33.86267108507357
              ],
              [
                113.70480299727257,
                33.86267546089579
              ],
              [
                113.70480170879786,
                33.862679752025095
              ],
              [
                113.70479992233916,
                33.86268391713557
              ],
              [
                113.70479765510103,
                33.862687916114915
              ],
              [
                113.70479492891825,
                33.86269171045078
              ],
              [
                113.7047917700454,
                33.86269526360164
              ],
              [
                113.7047882089042,
                33.86269854134869
              ],
              [
                113.70478427979036,
                33.86270151212546
              ],
              [
                113.7047800205434,
                33.862704147321736
              ],
              [
                113.70477547218219,
                33.86270642155913
              ],
              [
                113.70477067850995,
                33.8627083129355
              ],
              [
                113.70476568569235,
                33.86270980323586
              ],
              [
                113.70476054181296,
                33.86271087810779
              ],
              [
                113.70475529641014,
                33.86271152719971
              ],
              [
                113.70475,
                33.86271174426048
              ],
              [
                113.70472070225053,
                33.86271174426048
              ],
              [
                113.70472070225053,
                33.862788255739524
              ],
              [
                113.70475,
                33.862788255739524
              ],
              [
                113.70475529641014,
                33.8627884728003
              ],
              [
                113.70476054181296,
                33.86278912189221
              ],
              [
                113.70476568569235,
                33.862790196764145
              ],
              [
                113.70477067850995,
                33.8627916870645
              ],
              [
                113.70477547218219,
                33.86279357844087
              ],
              [
                113.70477929774948,
                33.86279549127229
              ],
              [
                113.70477929774948,
                33.86275
              ],
              [
                113.70477955794543,
                33.86274558162643
              ],
              [
                113.70478033602744,
                33.86274120580421
              ],
              [
                113.70478162450215,
                33.862736914674905
              ],
              [
                113.70478341096084,
                33.86273274956443
              ],
              [
                113.70478567819897,
                33.862728750585084
              ],
              [
                113.70478840438176,
                33.86272495624922
              ],
              [
                113.7047915632546,
                33.86272140309836
              ]
            ]
          ],
          [
            [
              [
                113.70394596444947,
                33.863704922439524
              ],
              [
                113.70394596444947,
                33.8635
              ],
              [
                113.70394622464542,
                33.86349558162643
              ],
              [
                113.70394700272743,
                33.863491205804216
              ],
              [
                113.70394829120214,
                33.86348691467491
              ],
              [
                113.70395007766083,
                33.86348274956443
              ],
              [
                113.70395234489897,
                33.86347875058509
              ],
              [
                113.70395507108175,
                33.86347495624922
              ],
              [
                113.7039582299546,
                33.863471403098366
              ],
              [
                113.7039617910958,
                33.86346812535131
              ],
              [
                113.70396572020964,
                33.86346515457454
              ],
              [
                113.7039699794566,
                33.86346251937827
              ],
              [
                113.7039745278178,
                33.86346024514087
              ],
              [
                113.70397932149005,
                33.8634583537645
              ],
              [
                113.70398431430765,
                33.863456863464144
              ],
              [
                113.70398945818704,
                33.86345578859221
              ],
              [
                113.70399470358986,
                33.863455139500296
              ],
              [
                113.704,
                33.86345492243952
              ],
              [
                113.70402929774949,
                33.86345492243952
              ],
              [
                113.70402929774949,
                33.8634166667
              ],
              [
                113.70402955794543,
                33.863412248326426
              ],
              [
                113.70403033602744,
                33.86340787250421
              ],
              [
                113.70403162450215,
                33.863403581374904
              ],
              [
                113.70403341096085,
                33.86339941626443
              ],
              [
                113.70403567819898,
                33.86339541728508
              ],
              [
                113.70403840438176,
                33.863391622949216
              ],
              [
                113.7040415632546,
                33.86338806979836
              ],
              [
                113.7040451243958,
                33.863384792051306
              ],
              [
                113.70404905350965,
                33.86338182127454
              ],
              [
                113.70405331275661,
                33.86337918607826
              ],
              [
                113.70405786111782,
                33.86337691184087
              ],
              [
                113.70406265479006,
                33.863375020464495
              ],
              [
                113.70406764760766,
                33.86337353016414
              ],
              [
                113.70407279148705,
                33.86337245529221
              ],
              [
                113.70407803688987,
                33.86337180620029
              ],
              [
                113.7040833333,
                33.86337158913952
              ],
              [
                113.7041666667,
                33.86337158913952
              ],
              [
                113.70417196311014,
                33.86337180620029
              ],
              [
                113.70417720851296,
                33.86337245529221
              ],
              [
                113.70418235239235,
                33.86337353016414
              ],
              [
                113.70418734520995,
                33.863375020464495
              ],
              [
                113.70419213888219,
                33.86337691184087
              ],
              [
                113.7041966872434,
                33.86337918607826
              ],
              [
                113.70420094649036,
                33.86338182127454
              ],
              [
                113.7042048756042,
                33.863384792051306
              ],
              [
                113.7042084367454,
                33.86338806979836
              ],
              [
                113.70421159561825,
                33.863391622949216
              ],
              [
                113.70421432180103,
                33.86339541728508
              ],
              [
                113.70421658903916,
                33.86339941626443
              ],
              [
                113.70421837549786,
                33.863403581374904
              ],
              [
                113.70421966397257,
                33.86340787250421
              ],
              [
                113.70422044205458,
                33.863412248326426
              ],
              [
                113.70422070225052,
                33.8634166667
              ],
              [
                113.70422070225052,
                33.86345492243952
              ],
              [
                113.70427929774948,
                33.86345492243952
              ],
              [
                113.70427929774948,
                33.86337841086048
              ],
              [
                113.70425,
                33.86337841086048
              ],
              [
                113.70424470358986,
                33.863378193799704
              ],
              [
                113.70423945818705,
                33.86337754470779
              ],
              [
                113.70423431430766,
                33.863376469835856
              ],
              [
                113.70422932149006,
                33.8633749795355
              ],
              [
                113.70422452781781,
                33.86337308815913
              ],
              [
                113.70421997945661,
                33.86337081392173
              ],
              [
                113.70421572020965,
                33.86336817872546
              ],
              [
                113.7042117910958,
                33.86336520794869
              ],
              [
                113.7042082299546,
                33.863361930201634
              ],
              [
                113.70420507108176,
                33.86335837705078
              ],
              [
                113.70420234489897,
                33.86335458271491
              ],
              [
                113.70420007766084,
                33.86335058373557
              ],
              [
                113.70419829120215,
                33.86334641862509
              ],
              [
                113.70419700272744,
                33.863342127495784
              ],
              [
                113.70419622464543,
                33.86333775167357
              ],
              [
                113.70419596444948,
                33.8633333333
              ],
              [
                113.70419596444948,
                33.86329507756048
              ],
              [
                113.7041666667,
                33.86329507756048
              ],
              [
                113.70416137028987,
                33.86329486049971
              ],
              [
                113.70415612488705,
                33.86329421140779
              ],
              [
                113.70415098100766,
                33.86329313653586
              ],
              [
                113.70414598819006,
                33.8632916462355
              ],
              [
                113.70414119451782,
                33.86328975485913
              ],
              [
                113.70413664615661,
                33.863287480621736
              ],
              [
                113.70413238690965,
                33.86328484542546
              ],
              [
                113.7041284577958,
                33.86328187464869
              ],
              [
                113.7041248966546,
                33.86327859690164
              ],
              [
                113.70412173778176,
                33.86327504375078
              ],
              [
                113.70411901159898,
                33.863271249414915
              ],
              [
                113.70411674436085,
                33.86326725043557
              ],
              [
                113.70411495790215,
                33.863263085325094
              ],
              [
                113.70411366942744,
                33.86325879419579
              ],
              [
                113.70411289134543,
                33.86325441837357
              ],
              [
                113.70411263114948,
                33.86325
              ],
              [
                113.70411263114948,
                33.86321174426048
              ],
              [
                113.70405403555051,
                33.86321174426048
              ],
              [
                113.70405403555051,
                33.86325
              ],
              [
                113.70405377535457,
                33.86325441837357
              ],
              [
                113.70405299727256,
                33.86325879419579
              ],
              [
                113.70405170879785,
                33.863263085325094
              ],
              [
                113.70404992233915,
                33.86326725043557
              ],
              [
                113.70404765510102,
                33.863271249414915
              ],
              [
                113.70404492891824,
                33.86327504375078
              ],
              [
                113.7040417700454,
                33.86327859690164
              ],
              [
                113.7040382089042,
                33.86328187464869
              ],
              [
                113.70403427979035,
                33.86328484542546
              ],
              [
                113.70403002054339,
                33.863287480621736
              ],
              [
                113.70402547218218,
                33.86328975485913
              ],
              [
                113.70402067850993,
                33.8632916462355
              ],
              [
                113.70401568569234,
                33.86329313653586
              ],
              [
                113.70401054181295,
                33.86329421140779
              ],
              [
                113.70400529641013,
                33.86329486049971
              ],
              [
                113.704,
                33.86329507756048
              ],
              [
                113.70397070225052,
                33.86329507756048
              ],
              [
                113.70397070225052,
                33.8634166667
              ],
              [
                113.70397044205457,
                33.86342108507357
              ],
              [
                113.70396966397256,
                33.86342546089578
              ],
              [
                113.70396837549785,
                33.86342975202509
              ],
              [
                113.70396658903915,
                33.863433917135566
              ],
              [
                113.70396432180102,
                33.86343791611491
              ],
              [
                113.70396159561824,
                33.86344171045078
              ],
              [
                113.7039584367454,
                33.86344526360163
              ],
              [
                113.7039548756042,
                33.86344854134869
              ],
              [
                113.70395094649035,
                33.86345151212546
              ],
              [
                113.70394668724339,
                33.86345414732173
              ],
              [
                113.70394213888218,
                33.86345642155913
              ],
              [
                113.70393734520994,
                33.8634583129355
              ],
              [
                113.70393235239234,
                33.863459803235855
              ],
              [
                113.70392720851295,
                33.86346087810779
              ],
              [
                113.70392196311013,
                33.8634615271997
              ],
              [
                113.7039166667,
                33.863461744260476
              ],
              [
                113.70388736885052,
                33.863461744260476
              ],
              [
                113.70388736885052,
                33.86371215802229
              ],
              [
                113.70389119451781,
                33.86371024514087
              ],
              [
                113.70389598819006,
                33.8637083537645
              ],
              [
                113.70390098100765,
                33.863706863464145
              ],
              [
                113.70390612488704,
                33.86370578859221
              ],
              [
                113.70391137028986,
                33.8637051395003
              ],
              [
                113.7039166667,
                33.863704922439524
              ],
              [
                113.70394596444947,
                33.863704922439524
              ]
            ]
          ],
          [
            [
              [
                113.71013664615661,
                33.86712081392174
              ],
              [
                113.71013238690965,
                33.86711817872546
              ],
              [
                113.7101284577958,
                33.86711520794869
              ],
              [
                113.710125,
                33.867112025322854
              ],
              [
                113.7101215422042,
                33.86711520794869
              ],
              [
                113.71011761309036,
                33.86711817872546
              ],
              [
                113.7101133538434,
                33.86712081392174
              ],
              [
                113.71011180344654,
                33.86712158913952
              ],
              [
                113.71013819655347,
                33.86712158913952
              ],
              [
                113.71013664615661,
                33.86712081392174
              ]
            ]
          ],
          [
            [
              [
                113.71005486315347,
                33.86712841086048
              ],
              [
                113.71005403555051,
                33.86712841086048
              ],
              [
                113.71005403555051,
                33.86712882467229
              ],
              [
                113.71005486315347,
                33.86712841086048
              ]
            ]
          ],
          [
            [
              [
                113.71010825289275,
                33.86946174426048
              ],
              [
                113.7097047817767,
                33.86946174426048
              ],
              [
                113.71010555555556,
                33.869505555555556
              ],
              [
                113.71010825289275,
                33.86946174426048
              ]
            ]
          ],
          [
            [
              [
                113.70938098840102,
                33.86793791611491
              ],
              [
                113.70937826221824,
                33.86794171045078
              ],
              [
                113.7093751033454,
                33.867945263601634
              ],
              [
                113.7093715422042,
                33.86794854134869
              ],
              [
                113.70936761309035,
                33.86795151212546
              ],
              [
                113.70936335384339,
                33.86795414732173
              ],
              [
                113.70936180364652,
                33.86795492243952
              ],
              [
                113.71019191903707,
                33.86795492243952
              ],
              [
                113.71017819002905,
                33.86779507756048
              ],
              [
                113.7101666667,
                33.86779507756048
              ],
              [
                113.71016137028987,
                33.86779486049971
              ],
              [
                113.71015612488705,
                33.86779421140779
              ],
              [
                113.71015098100766,
                33.86779313653586
              ],
              [
                113.71014598819006,
                33.8677916462355
              ],
              [
                113.71014119451782,
                33.86778975485913
              ],
              [
                113.71013664615661,
                33.867787480621736
              ],
              [
                113.71013238690965,
                33.86778484542546
              ],
              [
                113.7101284577958,
                33.86778187464869
              ],
              [
                113.7101248966546,
                33.86777859690164
              ],
              [
                113.71012173778176,
                33.86777504375078
              ],
              [
                113.71011901159898,
                33.867771249414915
              ],
              [
                113.71011674436085,
                33.86776725043557
              ],
              [
                113.71011495790215,
                33.867763085325095
              ],
              [
                113.71011366942744,
                33.86775879419579
              ],
              [
                113.71011289134543,
                33.86775441837357
              ],
              [
                113.71011263114949,
                33.86775
              ],
              [
                113.71011263114949,
                33.8676666667
              ],
              [
                113.71011289134543,
                33.86766224832643
              ],
              [
                113.71011366942744,
                33.86765787250422
              ],
              [
                113.71011495790215,
                33.86765358137491
              ],
              [
                113.71011674436085,
                33.867649416264435
              ],
              [
                113.71011901159898,
                33.86764541728509
              ],
              [
                113.71012173778176,
                33.86764162294922
              ],
              [
                113.7101248966546,
                33.86763806979837
              ],
              [
                113.7101284577958,
                33.86763479205131
              ],
              [
                113.71013238690965,
                33.86763182127454
              ],
              [
                113.71013664615661,
                33.86762918607827
              ],
              [
                113.71014119451782,
                33.86762691184087
              ],
              [
                113.71014598819006,
                33.8676250204645
              ],
              [
                113.71015098100766,
                33.867623530164146
              ],
              [
                113.71015612488705,
                33.867622455292214
              ],
              [
                113.71016137028987,
                33.8676218062003
              ],
              [
                113.71016330103018,
                33.8676217270735
              ],
              [
                113.71015833333334,
                33.86756388888889
              ],
              [
                113.71027929774948,
                33.867567474790555
              ],
              [
                113.71027929774948,
                33.86754507756048
              ],
              [
                113.71025,
                33.86754507756048
              ],
              [
                113.71024470358986,
                33.867544860499706
              ],
              [
                113.71023945818705,
                33.86754421140779
              ],
              [
                113.71023431430766,
                33.86754313653586
              ],
              [
                113.71022932149006,
                33.8675416462355
              ],
              [
                113.71022452781781,
                33.86753975485913
              ],
              [
                113.71021997945661,
                33.867537480621735
              ],
              [
                113.71021572020965,
                33.86753484542546
              ],
              [
                113.7102117910958,
                33.86753187464869
              ],
              [
                113.7102082299546,
                33.867528596901636
              ],
              [
                113.71020507108176,
                33.86752504375078
              ],
              [
                113.71020234489897,
                33.867521249414914
              ],
              [
                113.71020007766084,
                33.86751725043557
              ],
              [
                113.71019829120215,
                33.86751308532509
              ],
              [
                113.71019700272744,
                33.867508794195786
              ],
              [
                113.71019622464543,
                33.86750441837357
              ],
              [
                113.71019596444948,
                33.8675
              ],
              [
                113.71019596444948,
                33.86746174426048
              ],
              [
                113.71005403555051,
                33.86746174426048
              ],
              [
                113.71005403555051,
                33.8676666667
              ],
              [
                113.71005377535457,
                33.867671085073574
              ],
              [
                113.71005299727256,
                33.86767546089579
              ],
              [
                113.71005170879785,
                33.8676797520251
              ],
              [
                113.71004992233915,
                33.86768391713557
              ],
              [
                113.71004765510102,
                33.86768791611492
              ],
              [
                113.71004492891824,
                33.867691710450785
              ],
              [
                113.7100417700454,
                33.86769526360164
              ],
              [
                113.7100382089042,
                33.867698541348695
              ],
              [
                113.71003427979035,
                33.867701512125464
              ],
              [
                113.71003002054339,
                33.86770414732174
              ],
              [
                113.71002547218218,
                33.867706421559134
              ],
              [
                113.71002067850993,
                33.867708312935505
              ],
              [
                113.71001568569234,
                33.86770980323586
              ],
              [
                113.71001054181295,
                33.86771087810779
              ],
              [
                113.71000529641013,
                33.86771152719971
              ],
              [
                113.71,
                33.86771174426048
              ],
              [
                113.70988736885052,
                33.86771174426048
              ],
              [
                113.70988736885052,
                33.86775
              ],
              [
                113.70988710865457,
                33.86775441837357
              ],
              [
                113.70988633057256,
                33.86775879419579
              ],
              [
                113.70988504209785,
                33.867763085325095
              ],
              [
                113.70988325563916,
                33.86776725043557
              ],
              [
                113.70988098840103,
                33.867771249414915
              ],
              [
                113.70987826221824,
                33.86777504375078
              ],
              [
                113.7098751033454,
                33.86777859690164
              ],
              [
                113.7098715422042,
                33.86778187464869
              ],
              [
                113.70986761309035,
                33.86778484542546
              ],
              [
                113.70986335384339,
                33.867787480621736
              ],
              [
                113.70985880548218,
                33.86778975485913
              ],
              [
                113.70985401180994,
                33.8677916462355
              ],
              [
                113.70984901899234,
                33.86779313653586
              ],
              [
                113.70984387511295,
                33.86779421140779
              ],
              [
                113.70983862971013,
                33.86779486049971
              ],
              [
                113.7098333333,
                33.86779507756048
              ],
              [
                113.70980403555052,
                33.86779507756048
              ],
              [
                113.70980403555052,
                33.8678333333
              ],
              [
                113.70980377535457,
                33.86783775167357
              ],
              [
                113.70980299727256,
                33.867842127495784
              ],
              [
                113.70980170879785,
                33.86784641862509
              ],
              [
                113.70979992233916,
                33.86785058373557
              ],
              [
                113.70979765510103,
                33.86785458271491
              ],
              [
                113.70979492891824,
                33.86785837705078
              ],
              [
                113.7097917700454,
                33.867861930201634
              ],
              [
                113.7097882089042,
                33.86786520794869
              ],
              [
                113.70978427979036,
                33.86786817872546
              ],
              [
                113.70978002054339,
                33.86787081392173
              ],
              [
                113.70977547218219,
                33.86787308815913
              ],
              [
                113.70977067850994,
                33.8678749795355
              ],
              [
                113.70976568569235,
                33.867876469835856
              ],
              [
                113.70976054181295,
                33.86787754470779
              ],
              [
                113.70975529641014,
                33.867878193799704
              ],
              [
                113.70975,
                33.86787841086048
              ],
              [
                113.7095833333,
                33.86787841086048
              ],
              [
                113.70957803688987,
                33.867878193799704
              ],
              [
                113.70957279148705,
                33.86787754470779
              ],
              [
                113.70956764760766,
                33.867876469835856
              ],
              [
                113.70956265479006,
                33.8678749795355
              ],
              [
                113.70955786111782,
                33.86787308815913
              ],
              [
                113.70955331275661,
                33.86787081392173
              ],
              [
                113.70954905350965,
                33.86786817872546
              ],
              [
                113.7095451243958,
                33.86786520794869
              ],
              [
                113.7095415632546,
                33.867861930201634
              ],
              [
                113.70953840438176,
                33.86785837705078
              ],
              [
                113.70953567819898,
                33.86785458271491
              ],
              [
                113.70953341096084,
                33.86785058373557
              ],
              [
                113.70953162450215,
                33.86784641862509
              ],
              [
                113.70953033602744,
                33.867842127495784
              ],
              [
                113.70952955794543,
                33.86783775167357
              ],
              [
                113.70952929774948,
                33.8678333333
              ],
              [
                113.70952929774948,
                33.86779507756048
              ],
              [
                113.7094166667,
                33.86779507756048
              ],
              [
                113.70941137028986,
                33.86779486049971
              ],
              [
                113.70940612488704,
                33.86779421140779
              ],
              [
                113.70940098100765,
                33.86779313653586
              ],
              [
                113.70939598819005,
                33.8677916462355
              ],
              [
                113.7093911945178,
                33.86778975485913
              ],
              [
                113.70938736885051,
                33.867787841977716
              ],
              [
                113.70938736885051,
                33.8679166667
              ],
              [
                113.70938710865457,
                33.86792108507357
              ],
              [
                113.70938633057256,
                33.86792546089578
              ],
              [
                113.70938504209785,
                33.86792975202509
              ],
              [
                113.70938325563915,
                33.867933917135566
              ],
              [
                113.70938098840102,
                33.86793791611491
              ]
            ]
          ],
          [
            [
              [
                113.70936180364653,
                33.86771174426048
              ],
              [
                113.70936263114947,
                33.867712158022286
              ],
              [
                113.70936263114947,
                33.86771174426048
              ],
              [
                113.70936180364653,
                33.86771174426048
              ]
            ]
          ],
          [
            [
              [
                113.70930403555052,
                33.86770450872772
              ],
              [
                113.70930403555052,
                33.86770492243952
              ],
              [
                113.70930486295346,
                33.86770492243952
              ],
              [
                113.70930403555052,
                33.86770450872772
              ]
            ]
          ],
          [
            [
              [
                113.70927847014651,
                33.867628410860476
              ],
              [
                113.70927929774948,
                33.86762882467229
              ],
              [
                113.70927929774948,
                33.867628410860476
              ],
              [
                113.70927847014651,
                33.867628410860476
              ]
            ]
          ],
          [
            [
              [
                113.708613774947,
                33.8693424789176
              ],
              [
                113.70861366942744,
                33.869342127495784
              ],
              [
                113.70861289134542,
                33.86933775167357
              ],
              [
                113.70861263114948,
                33.8693333333
              ],
              [
                113.70861263114948,
                33.86929507756048
              ],
              [
                113.70855403555052,
                33.86929507756048
              ],
              [
                113.70855403555052,
                33.86933594839973
              ],
              [
                113.708613774947,
                33.8693424789176
              ]
            ]
          ],
          [
            [
              [
                113.70788325563916,
                33.869149416264435
              ],
              [
                113.70788504209786,
                33.86915358137491
              ],
              [
                113.70788633057256,
                33.86915787250422
              ],
              [
                113.70788710865457,
                33.86916224832643
              ],
              [
                113.70788736885052,
                33.8691666667
              ],
              [
                113.70788736885052,
                33.86920492243952
              ],
              [
                113.7079166667,
                33.86920492243952
              ],
              [
                113.70792196311014,
                33.869205139500295
              ],
              [
                113.70792720851296,
                33.86920578859221
              ],
              [
                113.70793235239235,
                33.86920686346414
              ],
              [
                113.70793734520994,
                33.8692083537645
              ],
              [
                113.70794213888219,
                33.86921024514087
              ],
              [
                113.70794668724339,
                33.869212519378266
              ],
              [
                113.70795094649036,
                33.86921515457454
              ],
              [
                113.7079548756042,
                33.86921812535131
              ],
              [
                113.7079584367454,
                33.869221403098365
              ],
              [
                113.70796159561824,
                33.86922495624922
              ],
              [
                113.70796432180103,
                33.86922875058509
              ],
              [
                113.70796658903916,
                33.86923274956443
              ],
              [
                113.70796837549786,
                33.86923691467491
              ],
              [
                113.70796966397256,
                33.869241205804215
              ],
              [
                113.70797044205457,
                33.86924558162643
              ],
              [
                113.70797070225052,
                33.86925
              ],
              [
                113.70797070225052,
                33.86927218028743
              ],
              [
                113.70828952183922,
                33.86930703261514
              ],
              [
                113.7082915632546,
                33.86930473639836
              ],
              [
                113.7082951243958,
                33.86930145865131
              ],
              [
                113.70829905350965,
                33.86929848787454
              ],
              [
                113.70830331275661,
                33.86929585267826
              ],
              [
                113.70830786111782,
                33.86929357844087
              ],
              [
                113.70831265479006,
                33.869291687064496
              ],
              [
                113.7083127231829,
                33.86929166665
              ],
              [
                113.70831265479006,
                33.8692916462355
              ],
              [
                113.70830786111782,
                33.86928975485913
              ],
              [
                113.70830331275661,
                33.869287480621736
              ],
              [
                113.70829905350965,
                33.86928484542546
              ],
              [
                113.7082951243958,
                33.86928187464869
              ],
              [
                113.7082915632546,
                33.86927859690164
              ],
              [
                113.70828840438176,
                33.86927504375078
              ],
              [
                113.70828567819898,
                33.869271249414915
              ],
              [
                113.70828341096085,
                33.86926725043557
              ],
              [
                113.70828162450215,
                33.869263085325095
              ],
              [
                113.70828033602744,
                33.86925879419579
              ],
              [
                113.70827955794543,
                33.86925441837357
              ],
              [
                113.70827929774948,
                33.86925
              ],
              [
                113.70827929774948,
                33.86921174426048
              ],
              [
                113.7080833333,
                33.86921174426048
              ],
              [
                113.70807803688986,
                33.86921152719971
              ],
              [
                113.70807279148704,
                33.86921087810779
              ],
              [
                113.70806764760765,
                33.86920980323586
              ],
              [
                113.70806265479006,
                33.869208312935505
              ],
              [
                113.70805786111781,
                33.869206421559134
              ],
              [
                113.7080533127566,
                33.86920414732174
              ],
              [
                113.70804905350964,
                33.869201512125464
              ],
              [
                113.7080451243958,
                33.869198541348695
              ],
              [
                113.7080415632546,
                33.86919526360164
              ],
              [
                113.70803840438175,
                33.869191710450785
              ],
              [
                113.70803567819897,
                33.86918791611492
              ],
              [
                113.70803341096084,
                33.86918391713557
              ],
              [
                113.70803162450214,
                33.8691797520251
              ],
              [
                113.70803033602743,
                33.86917546089579
              ],
              [
                113.70802955794542,
                33.869171085073575
              ],
              [
                113.70802929774948,
                33.8691666667
              ],
              [
                113.70802929774948,
                33.869128410860476
              ],
              [
                113.708,
                33.869128410860476
              ],
              [
                113.70799470358986,
                33.8691281937997
              ],
              [
                113.70798945818704,
                33.86912754470779
              ],
              [
                113.70798431430765,
                33.869126469835855
              ],
              [
                113.70797932149006,
                33.8691249795355
              ],
              [
                113.70797452781781,
                33.86912308815913
              ],
              [
                113.7079699794566,
                33.86912081392173
              ],
              [
                113.70796572020964,
                33.86911817872546
              ],
              [
                113.7079617910958,
                33.86911520794869
              ],
              [
                113.7079582299546,
                33.86911193020163
              ],
              [
                113.70795507108176,
                33.86910837705078
              ],
              [
                113.70795234489897,
                33.86910458271491
              ],
              [
                113.70795007766084,
                33.869100583735566
              ],
              [
                113.70794829120214,
                33.86909641862509
              ],
              [
                113.70794700272744,
                33.86909212749578
              ],
              [
                113.70794622464543,
                33.86908775167357
              ],
              [
                113.70794596444948,
                33.8690833333
              ],
              [
                113.70794596444948,
                33.86879507756048
              ],
              [
                113.70784781110102,
                33.86879507756048
              ],
              [
                113.70786331967261,
                33.86912916899245
              ],
              [
                113.7078633538434,
                33.86912918607827
              ],
              [
                113.70786761309036,
                33.86913182127454
              ],
              [
                113.7078715422042,
                33.86913479205131
              ],
              [
                113.7078751033454,
                33.86913806979837
              ],
              [
                113.70787826221824,
                33.86914162294922
              ],
              [
                113.70788098840103,
                33.86914541728509
              ],
              [
                113.70788325563916,
                33.869149416264435
              ]
            ]
          ]
        ]
      }
    },
    {
      "type": "Feature",
      "properties": {
        "uav_id": 1,
        "区域面积_m2": 112712.6492493239,
        "长宽比": 1.4011556955470519
      },
      "geometry": {
        "type": "Polygon",
        "coordinates": [
          [
            [
              113.70786944444444,
              33.869261111111115
            ],
            [
              113.71010555555556,
              33.869505555555556
            ],
            [
              113.71019722222222,
              33.86801666666667
            ],
            [
              113.71015833333334,
              33.86756388888889
            ],
            [
              113.71296944444445,
              33.867647222222224
            ],
            [
              113.71288368890046,
              33.86650430781702
            ],
            [
              113.70772045826288,
              33.866051595233756
            ],
            [
              113.70786944444444,
              33.869261111111115
            ]
          ]
        ]
      }
    },
    {
      "type": "Feature",
      "properties": {
        "uav_id": 1,
        "行程_m": 1240.4386355931024,
        "时间_s": 428.0877271186205
      },
      "geometry": {
        "type": "LineString",
        "coordinates": [
          [
            113.7124425978269,
            33.86737011387773
          ],
          [
            113.7124425978269,
            33.86693060766307
          ],
          [
            113.71155641754977,
            33.86699663330212
          ],
          [
            113.71086205797418,
            33.86693060766307
          ],
          [
            113.71086205797418,
            33.86737011387773
          ],
          [
            113.70980836473905,
            33.86693060766307
          ],
          [
            113.70980836473905,
            33.86649110144841
          ],
          [
            113.70928151812149,
            33.86649110144841
          ],
          [
            113.70822782488635,
            33.86649110144841
          ],
          [
            113.70875467150391,
            33.86693060766307
          ],
          [
            113.70822782488635,
            33.86737011387773
          ],
          [
            113.70822782488635,
            33.86824912630705
          ],
          [
            113.70822782488635,
            33.86868863252171
          ],
          [
            113.70862054691955,
            33.86934321920777
          ],
          [
            113.70980836473905,
            33.869128138736365
          ],
          [
            113.71013686753285,
            33.86899697313645
          ],
          [
            113.70928151812149,
            33.86868863252171
          ],
          [
            113.70958733198894,
            33.86787841086048
          ]
        ]
      }
    },
    {
      "type": "Feature",
      "properties": {
        "uav_id": 1,
        "航点序号": 1,
        "扫描_s": 10.0
      },
      "geometry": {
        "type": "Point",
        "coordinates": [
          113.7124425978269,
          33.86737011387773
        ]
      }
    },
    {
      "type": "Feature",
      "properties": {
        "uav_id": 1,
        "航点序号": 2,
        "扫描_s": 10.0
      },
      "geometry": {
        "type": "Point",
        "coordinates": [
          113.7124425978269,
          33.86693060766307
        ]
      }
    },
    {
      "type": "Feature",
      "properties": {
        "uav_id": 1,
        "航点序号": 3,
        "扫描_s": 10.0
      },
      "geometry": {
        "type": "Point",
        "coordinates": [
          113.71155641754977,
          33.86699663330212
        ]
      }
    },
    {
      "type": "Feature",
      "properties": {
        "uav_id": 1,
        "航点序号": 4,
        "扫描_s": 10.0
      },
      "geometry": {
        "type": "Point",
        "coordinates": [
          113.71086205797418,
          33.86693060766307
        ]
      }
    },
    {
      "type": "Feature",
      "properties": {
        "uav_id": 1,
        "航点序号": 5,
        "扫描_s": 10.0
      },
      "geometry": {
        "type": "Point",
        "coordinates": [
          113.71086205797418,
          33.86737011387773
        ]
      }
    },
    {
      "type": "Feature",
      "properties": {
        "uav_id": 1,
        "航点序号": 6,
        "扫描_s": 10.0
      },
      "geometry": {
        "type": "Point",
        "coordinates": [
          113.70980836473905,
          33.86693060766307
        ]
      }
    },
    {
      "type": "Feature",
      "properties": {
        "uav_id": 1,
        "航点序号": 7,
        "扫描_s": 10.0
      },
      "geometry": {
        "type": "Point",
        "coordinates": [
          113.70980836473905,
          33.86649110144841
        ]
      }
    },
    {
      "type": "Feature",
      "properties": {
        "uav_id": 1,
        "航点序号": 8,
        "扫描_s": 10.0
      },
      "geometry": {
        "type": "Point",
        "coordinates": [
          113.70928151812149,
          33.86649110144841
        ]
      }
    },
    {
      "type": "Feature",
      "properties": {
        "uav_id": 1,
        "航点序号": 9,
        "扫描_s": 10.0
      },
      "geometry": {
        "type": "Point",
        "coordinates": [
          113.70822782488635,
          33.86649110144841
        ]
      }
    },
    {
      "type": "Feature",
      "properties": {
        "uav_id": 1,
        "航点序号": 10,
        "扫描_s": 10.0
      },
      "geometry": {
        "type": "Point",
        "coordinates": [
          113.70875467150391,
          33.86693060766307
        ]
      }
    },
    {
      "type": "Feature",
      "properties": {
        "uav_id": 1,
        "航点序号": 11,
        "扫描_s": 10.0
      },
      "geometry": {
        "type": "Point",
        "coordinates": [
          113.70822782488635,
          33.86737011387773
        ]
      }
    },
    {
      "type": "Feature",
      "properties": {
        "uav_id": 1,
        "航点序号": 12,
        "扫描_s": 10.0
      },
      "geometry": {
        "type": "Point",
        "coordinates": [
          113.70822782488635,
          33.86824912630705
        ]
      }
    },
    {
      "type": "Feature",
      "properties": {
        "uav_id": 1,
        "航点序号": 13,
        "扫描_s": 10.0
      },
      "geometry": {
        "type": "Point",
        "coordinates": [
          113.70822782488635,
          33.86868863252171
        ]
      }
    },
    {
      "type": "Feature",
      "properties": {
        "uav_id": 1,
        "航点序号": 14,
        "扫描_s": 10.0
      },
      "geometry": {
        "type": "Point",
        "coordinates": [
          113.70862054691955,
          33.86934321920777
        ]
      }
    },
    {
      "type": "Feature",
      "properties": {
        "uav_id": 1,
        "航点序号": 15,
        "扫描_s": 10.0
      },
      "geometry": {
        "type": "Point",
        "coordinates": [
          113.70980836473905,
          33.869128138736365
        ]
      }
    },
    {
      "type": "Feature",
      "properties": {
        "uav_id": 1,
        "航点序号": 16,
        "扫描_s": 10.0
      },
      "geometry": {
        "type": "Point",
        "coordinates": [
          113.71013686753285,
          33.86899697313645
        ]
      }
    },
    {
      "type": "Feature",
      "properties": {
        "uav_id": 1,
        "航点序号": 17,
        "扫描_s": 10.0
      },
      "geometry": {
        "type": "Point",
        "coordinates": [
          113.70928151812149,
          33.86868863252171
        ]
      }
    },
    {
      "type": "Feature",
      "properties": {
        "uav_id": 1,
        "航点序号": 18,
        "扫描_s": 10.0
      },
      "geometry": {
        "type": "Point",
        "coordinates": [
          113.70958733198894,
          33.86787841086048
        ]
      }
    },
    {
      "type": "Feature",
      "properties": {
        "uav_id": 2,
        "区域面积_m2": 92987.94433857294,
        "长宽比": 1.2880193377626554
      },
      "geometry": {
        "type": "Polygon",
        "coordinates": [
          [
            [
              113.71288368890046,
              33.86650430781702
            ],
            [
              113.71280833333334,
              33.865500000000004
            ],
            [
              113.71270022694725,
              33.86396925957565
            ],
            [
              113.70935085585302,
              33.86367558638016
            ],
            [
              113.70903695698149,
              33.866167025974235
            ],
            [
              113.71288368890046,
              33.86650430781702
            ]
          ]
        ]
      }
    },
    {
      "type": "Feature",
      "properties": {
        "uav_id": 2,
        "行程_m": 877.5,
        "时间_s": 285.5
      },
      "geometry": {
        "type": "LineString",
        "coordinates": [
          [
            113.70972260919505,
            33.86591068328216
          ],
          [
            113.71024945581263,
            33.86591068328216
          ],
          [
            113.71130314904777,
            33.86591068328216
          ],
          [
            113.71130314904777,
            33.865031670852844
          ],
          [
            113.71024945581263,
            33.865031670852844
          ],
          [
            113.71024945581263,
            33.86415265842353
          ],
          [
            113.71130314904777,
            33.86415265842353
          ],
          [
            113.7123568422829,
            33.86415265842353
          ],
          [
            113.7123568422829,
            33.86459216463819
          ],
          [
            113.7123568422829,
            33.865471177067505
          ],
          [
            113.7123568422829,
            33.86635018949682
          ]
        ]
      }
    },
    {
      "type": "Feature",
      "properties": {
        "uav_id": 2,
        "航点序号": 1,
        "扫描_s": 10.0
      },
      "geometry": {
        "type": "Point",
        "coordinates": [
          113.70972260919505,
          33.86591068328216
        ]
      }
    },
    {
      "type": "Feature",
      "properties": {
        "uav_id": 2,
        "航点序号": 2,
        "扫描_s": 10.0
      },
      "geometry": {
        "type": "Point",
        "coordinates": [
          113.71024945581263,
          33.86591068328216
        ]
      }
    },
    {
      "type": "Feature",
      "properties": {
        "uav_id": 2,
        "航点序号": 3,
        "扫描_s": 10.0
      },
      "geometry": {
        "type": "Point",
        "coordinates": [
          113.71130314904777,
          33.86591068328216
        ]
      }
    },
    {
      "type": "Feature",
      "properties": {
        "uav_id": 2,
        "航点序号": 4,
        "扫描_s": 10.0
      },
      "geometry": {
        "type": "Point",
        "coordinates": [
          113.71130314904777,
          33.865031670852844
        ]
      }
    },
    {
      "type": "Feature",
      "properties": {
        "uav_id": 2,
        "航点序号": 5,
        "扫描_s": 10.0
      },
      "geometry": {
        "type": "Point",
        "coordinates": [
          113.71024945581263,
          33.865031670852844
        ]
      }
    },
    {
      "type": "Feature",
      "properties": {
        "uav_id": 2,
        "航点序号": 6,
        "扫描_s": 10.0
      },
      "geometry": {
        "type": "Point",
        "coordinates": [
          113.71024945581263,
          33.86415265842353
        ]
      }
    },
    {
      "type": "Feature",
      "properties": {
        "uav_id": 2,
        "航点序号": 7,
        "扫描_s": 10.0
      },
      "geometry": {
        "type": "Point",
        "coordinates": [
          113.71130314904777,
          33.86415265842353
        ]
      }
    },
    {
      "type": "Feature",
      "properties": {
        "uav_id": 2,
        "航点序号": 8,
        "扫描_s": 10.0
      },
      "geometry": {
        "type": "Point",
        "coordinates": [
          113.7123568422829,
          33.86415265842353
        ]
      }
    },
    {
      "type": "Feature",
      "properties": {
        "uav_id": 2,
        "航点序号": 9,
        "扫描_s": 10.0
      },
      "geometry": {
        "type": "Point",
        "coordinates": [
          113.7123568422829,
          33.86459216463819
        ]
      }
    },
    {
      "type": "Feature",
      "properties": {
        "uav_id": 2,
        "航点序号": 10,
        "扫描_s": 10.0
      },
      "geometry": {
        "type": "Point",
        "coordinates": [
          113.7123568422829,
          33.865471177067505
        ]
      }
    },
    {
      "type": "Feature",
      "properties": {
        "uav_id": 2,
        "航点序号": 11,
        "扫描_s": 10.0
      },
      "geometry": {
        "type": "Point",
        "coordinates": [
          113.7123568422829,
          33.86635018949682
        ]
      }
    },
    {
      "type": "Feature",
      "properties": {
        "uav_id": 3,
        "区域面积_m2": 76080.76705520558,
        "长宽比": 1.8693631945603202
      },
      "geometry": {
        "type": "Polygon",
        "coordinates": [
          [
            [
              113.70532222222222,
              33.86476944444445
            ],
            [
              113.70581944444444,
              33.864805555555556
            ],
            [
              113.70589722222222,
              33.864219444444444
            ],
            [
              113.70741944444445,
              33.86434444444445
            ],
            [
              113.707575,
              33.86436666666667
            ],
            [
              113.70770555555556,
              33.86573055555556
            ],
            [
              113.70772045826288,
              33.866051595233756
            ],
            [
              113.70903695698149,
              33.866167025974235
            ],
            [
              113.70935085585302,
              33.86367558638016
            ],
            [
              113.70376791244693,
              33.863186073339
            ],
            [
              113.70383333333334,
              33.864025
            ],
            [
              113.7054,
              33.86416666666667
            ],
            [
              113.70532222222222,
              33.86476944444445
            ]
          ]
        ]
      }
    },
    {
      "type": "Feature",
      "properties": {
        "uav_id": 3,
        "行程_m": 682.0015993721943,
        "时间_s": 216.40031987443885
      },
      "geometry": {
        "type": "LineString",
        "coordinates": [
          [
            113.70437455679021,
            33.86362557955366
          ],
          [
            113.70542825002534,
            33.86362557955366
          ],
          [
            113.70542825002534,
            33.86450459198298
          ],
          [
            113.70648194326047,
            33.86362557955366
          ],
          [
            113.70749184372836,
            33.864045077560476
          ],
          [
            113.70744620816947,
            33.86416252810367
          ],
          [
            113.707575,
            33.86436666666667
          ],
          [
            113.70768824957038,
            33.865375377286135
          ],
          [
            113.7085,
            33.86587076733572
          ]
        ]
      }
    },
    {
      "type": "Feature",
      "properties": {
        "uav_id": 3,
        "航点序号": 1,
        "扫描_s": 10.0
      },
      "geometry": {
        "type": "Point",
        "coordinates": [
          113.70437455679021,
          33.86362557955366
        ]
      }
    },
    {
      "type": "Feature",
      "properties": {
        "uav_id": 3,
        "航点序号": 2,
        "扫描_s": 10.0
      },
      "geometry": {
        "type": "Point",
        "coordinates": [
          113.70542825002534,
          33.86362557955366
        ]
      }
    },
    {
      "type": "Feature",
      "properties": {
        "uav_id": 3,
        "航点序号": 3,
        "扫描_s": 10.0
      },
      "geometry": {
        "type": "Point",
        "coordinates": [
          113.70542825002534,
          33.86450459198298
        ]
      }
    },
    {
      "type": "Feature",
      "properties": {
        "uav_id": 3,
        "航点序号": 4,
        "扫描_s": 10.0
      },
      "geometry": {
        "type": "Point",
        "coordinates": [
          113.70648194326047,
          33.86362557955366
        ]
      }
    },
    {
      "type": "Feature",
      "properties": {
        "uav_id": 3,
        "航点序号": 5,
        "扫描_s": 10.0
      },
      "geometry": {
        "type": "Point",
        "coordinates": [
          113.70749184372836,
          33.864045077560476
        ]
      }
    },
    {
      "type": "Feature",
      "properties": {
        "uav_id": 3,
        "航点序号": 6,
        "扫描_s": 10.0
      },
      "geometry": {
        "type": "Point",
        "coordinates": [
          113.70744620816947,
          33.86416252810367
        ]
      }
    },
    {
      "type": "Feature",
      "properties": {
        "uav_id": 3,
        "航点序号": 7,
        "扫描_s": 10.0
      },
      "geometry": {
        "type": "Point",
        "coordinates": [
          113.70768824957038,
          33.865375377286135
        ]
      }
    },
    {
      "type": "Feature",
      "properties": {
        "uav_id": 3,
        "航点序号": 8,
        "扫描_s": 10.0
      },
      "geometry": {
        "type": "Point",
        "coordinates": [
          113.7085,
          33.86587076733572
        ]
      }
    },
    {
      "type": "Feature",
      "properties": {
        "uav_id": 4,
        "区域面积_m2": 69164.48837374187,
        "长宽比": 1.2168343012126885
      },
      "geometry": {
        "type": "Polygon",
        "coordinates": [
          [
            [
              113.70973333333333,
              33.860419444444446
            ],
            [
              113.70981111111111,
              33.86190555555556
            ],
            [
              113.70856944444445,
              33.86194166666667
            ],
            [
              113.70861111111111,
              33.86235555555556
            ],
            [
              113.70743333333334,
              33.86241388888889
            ],
            [
              113.70729166666666,
              33.862436111111116
            ],
            [
              113.70726665887297,
              33.86211738432864
            ],
            [
              113.70709525687428,
              33.86347781523412
            ],
            [
              113.71045959342113,
              33.863772800602
            ],
            [
              113.71088987335531,
              33.860357635522405
            ],
            [
              113.70973333333333,
              33.860419444444446
            ]
          ]
        ]
      }
    },
    {
      "type": "Feature",
      "properties": {
        "uav_id": 4,
        "行程_m": 724.3719306640459,
        "时间_s": 224.87438613280918
      },
      "geometry": {
        "type": "LineString",
        "coordinates": [
          [
            113.7077287936499,
            33.86343417902502
          ],
          [
            113.70747070225052,
            33.86248567924707
          ],
          [
            113.70861111111111,
            33.86235555555556
          ],
          [
            113.70908725418683,
            33.86229507756048
          ],
          [
            113.71036302673774,
            33.86343417902502
          ],
          [
            113.71036302673774,
            33.86299467281036
          ],
          [
            113.71036302673774,
            33.86211566038104
          ],
          [
            113.71036302673774,
            33.86167615416638
          ],
          [
            113.71036302673774,
            33.860797141737066
          ]
        ]
      }
    },
    {
      "type": "Feature",
      "properties": {
        "uav_id": 4,
        "航点序号": 1,
        "扫描_s": 10.0
      },
      "geometry": {
        "type": "Point",
        "coordinates": [
          113.7077287936499,
          33.86343417902502
        ]
      }
    },
    {
      "type": "Feature",
      "properties": {
        "uav_id": 4,
        "航点序号": 2,
        "扫描_s": 10.0
      },
      "geometry": {
        "type": "Point",
        "coordinates": [
          113.70747070225052,
          33.86248567924707
        ]
      }
    },
    {
      "type": "Feature",
      "properties": {
        "uav_id": 4,
        "航点序号": 3,
        "扫描_s": 10.0
      },
      "geometry": {
        "type": "Point",
        "coordinates": [
          113.70908725418683,
          33.86229507756048
        ]
      }
    },
    {
      "type": "Feature",
      "properties": {
        "uav_id": 4,
        "航点序号": 4,
        "扫描_s": 10.0
      },
      "geometry": {
        "type": "Point",
        "coordinates": [
          113.71036302673774,
          33.86343417902502
        ]
      }
    },
    {
      "type": "Feature",
      "properties": {
        "uav_id": 4,
        "航点序号": 5,
        "扫描_s": 10.0
      },
      "geometry": {
        "type": "Point",
        "coordinates": [
          113.71036302673774,
          33.86299467281036
        ]
      }
    },
    {
      "type": "Feature",
      "properties": {
        "uav_id": 4,
        "航点序号": 6,
        "扫描_s": 10.0
      },
      "geometry": {
        "type": "Point",
        "coordinates": [
          113.71036302673774,
          33.86211566038104
        ]
      }
    },
    {
      "type": "Feature",
      "properties": {
        "uav_id": 4,
        "航点序号": 7,
        "扫描_s": 10.0
      },
      "geometry": {
        "type": "Point",
        "coordinates": [
          113.71036302673774,
          33.86167615416638
        ]
      }
    },
    {
      "type": "Feature",
      "properties": {
        "uav_id": 4,
        "航点序号": 8,
        "扫描_s": 10.0
      },
      "geometry": {
        "type": "Point",
        "coordinates": [
          113.71036302673774,
          33.860797141737066
        ]
      }
    },
    {
      "type": "Feature",
      "properties": {
        "uav_id": 5,
        "区域面积_m2": 69164.69240092322,
        "长宽比": 1.9425556982971415
      },
      "geometry": {
        "type": "Polygon",
        "coordinates": [
          [
            [
              113.71088987335531,
              33.860357635522405
            ],
            [
              113.71045959342113,
              33.863772800602
            ],
            [
              113.71270022694725,
              33.86396925957565
            ],
            [
              113.71254722222223,
              33.86180277777778
            ],
            [
              113.71243611111112,
              33.860275
            ],
            [
              113.71088987335531,
              33.860357635522405
            ]
          ]
        ]
      }
    },
    {
      "type": "Feature",
      "properties": {
        "uav_id": 5,
        "行程_m": 839.4567336613142,
        "时间_s": 297.89134673226283
      },
      "geometry": {
        "type": "LineString",
        "coordinates": [
          [
            113.71054407696695,
            33.86310224817195
          ],
          [
            113.71111968709454,
            33.86335154350261
          ],
          [
            113.71217338032967,
            33.86379104971727
          ],
          [
            113.71217338032967,
            33.86335154350261
          ],
          [
            113.71164653371211,
            33.862912037287956
          ],
          [
            113.71217338032967,
            33.862472531073294
          ],
          [
            113.71217338032967,
            33.86203302485864
          ],
          [
            113.71111968709454,
            33.86203302485864
          ],
          [
            113.7108131297754,
            33.86096675524504
          ],
          [
            113.71164653371211,
            33.86115401242932
          ],
          [
            113.71164653371211,
            33.86071450621466
          ],
          [
            113.71217338032967,
            33.86071450621466
          ],
          [
            113.71248487124744,
            33.860945451874436
          ]
        ]
      }
    },
    {
      "type": "Feature",
      "properties": {
        "uav_id": 5,
        "航点序号": 1,
        "扫描_s": 10.0
      },
      "geometry": {
        "type": "Point",
        "coordinates": [
          113.71054407696695,
          33.86310224817195
        ]
      }
    },
    {
      "type": "Feature",
      "properties": {
        "uav_id": 5,
        "航点序号": 2,
        "扫描_s": 10.0
      },
      "geometry": {
        "type": "Point",
        "coordinates": [
          113.71111968709454,
          33.86335154350261
        ]
      }
    },
    {
      "type": "Feature",
      "properties": {
        "uav_id": 5,
        "航点序号": 3,
        "扫描_s": 10.0
      },
      "geometry": {
        "type": "Point",
        "coordinates": [
          113.71217338032967,
          33.86379104971727
        ]
      }
    },
    {
      "type": "Feature",
      "properties": {
        "uav_id": 5,
        "航点序号": 4,
        "扫描_s": 10.0
      },
      "geometry": {
        "type": "Point",
        "coordinates": [
          113.71217338032967,
          33.86335154350261
        ]
      }
    },
    {
      "type": "Feature",
      "properties": {
        "uav_id": 5,
        "航点序号": 5,
        "扫描_s": 10.0
      },
      "geometry": {
        "type": "Point",
        "coordinates": [
          113.71164653371211,
          33.862912037287956
        ]
      }
    },
    {
      "type": "Feature",
      "properties": {
        "uav_id": 5,
        "航点序号": 6,
        "扫描_s": 10.0
      },
      "geometry": {
        "type": "Point",
        "coordinates": [
          113.71217338032967,
          33.862472531073294
        ]
      }
    },
    {
      "type": "Feature",
      "properties": {
        "uav_id": 5,
        "航点序号": 7,
        "扫描_s": 10.0
      },
      "geometry": {
        "type": "Point",
        "coordinates": [
          113.71217338032967,
          33.86203302485864
        ]
      }
    },
    {
      "type": "Feature",
      "properties": {
        "uav_id": 5,
        "航点序号": 8,
        "扫描_s": 10.0
      },
      "geometry": {
        "type": "Point",
        "coordinates": [
          113.71111968709454,
          33.86203302485864
        ]
      }
    },
    {
      "type": "Feature",
      "properties": {
        "uav_id": 5,
        "航点序号": 9,
        "扫描_s": 10.0
      },
      "geometry": {
        "type": "Point",
        "coordinates": [
          113.7108131297754,
          33.86096675524504
        ]
      }
    },
    {
      "type": "Feature",
      "properties": {
        "uav_id": 5,
        "航点序号": 10,
        "扫描_s": 10.0
      },
      "geometry": {
        "type": "Point",
        "coordinates": [
          113.71164653371211,
          33.86115401242932
        ]
      }
    },
    {
      "type": "Feature",
      "properties": {
        "uav_id": 5,
        "航点序号": 11,
        "扫描_s": 10.0
      },
      "geometry": {
        "type": "Point",
        "coordinates": [
          113.71164653371211,
          33.86071450621466
        ]
      }
    },
    {
      "type": "Feature",
      "properties": {
        "uav_id": 5,
        "航点序号": 12,
        "扫描_s": 10.0
      },
      "geometry": {
        "type": "Point",
        "coordinates": [
          113.71217338032967,
          33.86071450621466
        ]
      }
    },
    {
      "type": "Feature",
      "properties": {
        "uav_id": 5,
        "航点序号": 13,
        "扫描_s": 10.0
      },
      "geometry": {
        "type": "Point",
        "coordinates": [
          113.71248487124744,
          33.860945451874436
        ]
      }
    },
    {
      "type": "Feature",
      "properties": {
        "uav_id": 6,
        "区域面积_m2": 92219.62691439275,
        "长宽比": 1.0595825407964499
      },
      "geometry": {
        "type": "Polygon",
        "coordinates": [
          [
            [
              113.70715,
              33.86063055555556
            ],
            [
              113.70356666666667,
              33.86095
            ],
            [
              113.70373888888889,
              33.86281388888889
            ],
            [
              113.70376791244693,
              33.863186073339
            ],
            [
              113.70709525687428,
              33.86347781523412
            ],
            [
              113.70726665887297,
              33.86211738432864
            ],
            [
              113.70715,
              33.86063055555556
            ]
          ]
        ]
      }
    },
    {
      "type": "Feature",
      "properties": {
        "uav_id": 6,
        "行程_m": 1079.1914350258362,
        "时间_s": 365.8382870051672
      },
      "geometry": {
        "type": "LineString",
        "coordinates": [
          [
            113.70410557916756,
            33.86282808662885
          ],
          [
            113.70480982201276,
            33.86262841086048
          ],
          [
            113.70568611902026,
            33.86326759284351
          ],
          [
            113.70673981225539,
            33.86326759284351
          ],
          [
            113.70673981225539,
            33.86282808662885
          ],
          [
            113.70673981225539,
            33.861949074199536
          ],
          [
            113.70689017416724,
            33.86137158913952
          ],
          [
            113.70637095283185,
            33.86070000549691
          ],
          [
            113.70533139480332,
            33.860792679274645
          ],
          [
            113.70568611902026,
            33.861509567984875
          ],
          [
            113.70568611902026,
            33.861949074199536
          ],
          [
            113.70463242578512,
            33.861509567984875
          ],
          [
            113.70410557916756,
            33.86107006177022
          ],
          [
            113.70410557916756,
            33.861509567984875
          ],
          [
            113.70363114032214,
            33.86164777133578
          ]
        ]
      }
    },
    {
      "type": "Feature",
      "properties": {
        "uav_id": 6,
        "航点序号": 1,
        "扫描_s": 10.0
      },
      "geometry": {
        "type": "Point",
        "coordinates": [
          113.70410557916756,
          33.86282808662885
        ]
      }
    },
    {
      "type": "Feature",
      "properties": {
        "uav_id": 6,
        "航点序号": 2,
        "扫描_s": 10.0
      },
      "geometry": {
        "type": "Point",
        "coordinates": [
          113.70480982201276,
          33.86262841086048
        ]
      }
    },
    {
      "type": "Feature",
      "properties": {
        "uav_id": 6,
        "航点序号": 3,
        "扫描_s": 10.0
      },
      "geometry": {
        "type": "Point",
        "coordinates": [
          113.70568611902026,
          33.86326759284351
        ]
      }
    },
    {
      "type": "Feature",
      "properties": {
        "uav_id": 6,
        "航点序号": 4,
        "扫描_s": 10.0
      },
      "geometry": {
        "type": "Point",
        "coordinates": [
          113.70673981225539,
          33.86326759284351
        ]
      }
    },
    {
      "type": "Feature",
      "properties": {
        "uav_id": 6,
        "航点序号": 5,
        "扫描_s": 10.0
      },
      "geometry": {
        "type": "Point",
        "coordinates": [
          113.70673981225539,
          33.86282808662885
        ]
      }
    },
    {
      "type": "Feature",
      "properties": {
        "uav_id": 6,
        "航点序号": 6,
        "扫描_s": 10.0
      },
      "geometry": {
        "type": "Point",
        "coordinates": [
          113.70673981225539,
          33.861949074199536
        ]
      }
    },
    {
      "type": "Feature",
      "properties": {
        "uav_id": 6,
        "航点序号": 7,
        "扫描_s": 10.0
      },
      "geometry": {
        "type": "Point",
        "coordinates": [
          113.70689017416724,
          33.86137158913952
        ]
      }
    },
    {
      "type": "Feature",
      "properties": {
        "uav_id": 6,
        "航点序号": 8,
        "扫描_s": 10.0
      },
      "geometry": {
        "type": "Point",
        "coordinates": [
          113.70637095283185,
          33.86070000549691
        ]
      }
    },
    {
      "type": "Feature",
      "properties": {
        "uav_id": 6,
        "航点序号": 9,
        "扫描_s": 10.0
      },
      "geometry": {
        "type": "Point",
        "coordinates": [
          113.70533139480332,
          33.860792679274645
        ]
      }
    },
    {
      "type": "Feature",
      "properties": {
        "uav_id": 6,
        "航点序号": 10,
        "扫描_s": 10.0
      },
      "geometry": {
        "type": "Point",
        "coordinates": [
          113.70568611902026,
          33.861509567984875
        ]
      }
    },
    {
      "type": "Feature",
      "properties": {
        "uav_id": 6,
        "航点序号": 11,
        "扫描_s": 10.0
      },
      "geometry": {
        "type": "Point",
        "coordinates": [
          113.70568611902026,
          33.861949074199536
        ]
      }
    },
    {
      "type": "Feature",
      "properties": {
        "uav_id": 6,
        "航点序号": 12,
        "扫描_s": 10.0
      },
      "geometry": {
        "type": "Point",
        "coordinates": [
          113.70463242578512,
          33.861509567984875
        ]
      }
    },
    {
      "type": "Feature",
      "properties": {
        "uav_id": 6,
        "航点序号": 13,
        "扫描_s": 10.0
      },
      "geometry": {
        "type": "Point",
        "coordinates": [
          113.70410557916756,
          33.86107006177022
        ]
      }
    },
    {
      "type": "Feature",
      "properties": {
        "uav_id": 6,
        "航点序号": 14,
        "扫描_s": 10.0
      },
      "geometry": {
        "type": "Point",
        "coordinates": [
          113.70410557916756,
          33.861509567984875
        ]
      }
    },
    {
      "type": "Feature",
      "properties": {
        "uav_id": 6,
        "航点序号": 15,
        "扫描_s": 10.0
      },
      "geometry": {
        "type": "Point",
        "coordinates": [
          113.70363114032214,
          33.86164777133578
        ]
      }
    }
  ]
}